EmployeeNumber,Attrition,BusinessTravel,JobInvolvement,JobLevel,JobSatisfaction,MonthlyIncome,MonthlyRate,OverTime,PercentSalaryHike,PerformanceRating,RelationshipSatisfaction,TrainingTimesLastYear,WorkLifeBalance
1,1,Travel_Rarely,3,2,4,5993,19479,Yes,11,3,1,0,1
2,0,Travel_Frequently,2,2,2,5130,24907,No,23,4,4,3,3
4,1,Travel_Rarely,2,1,3,2090,2396,Yes,15,3,2,3,3
5,0,Travel_Frequently,3,1,3,2909,23159,Yes,11,3,3,3,3
7,0,Travel_Rarely,3,1,2,3468,16632,No,12,3,4,3,3
8,0,Travel_Frequently,3,1,4,3068,11864,No,13,3,3,2,2
10,0,Travel_Rarely,4,1,1,2670,9964,Yes,20,4,1,3,2
11,0,Travel_Rarely,3,1,3,2693,13335,No,22,4,2,2,3
12,0,Travel_Frequently,2,3,3,9526,8787,No,21,4,2,2,3
13,0,Travel_Rarely,3,2,3,5237,16577,No,13,3,2,3,2
14,0,Travel_Rarely,4,1,2,2426,16479,No,13,3,3,5,3
15,0,Travel_Rarely,2,2,3,4193,12682,Yes,12,3,4,3,3
16,0,Travel_Rarely,3,1,3,2911,15170,No,17,3,4,1,2
18,0,Travel_Rarely,3,1,4,2661,8758,No,11,3,3,2,3
19,1,Travel_Rarely,2,1,3,2028,12947,Yes,14,3,2,4,3
20,0,Travel_Rarely,4,3,1,9980,10195,No,11,3,3,1,3
21,0,Travel_Rarely,4,1,2,3298,15053,Yes,12,3,4,5,2
22,0,Non-Travel,4,1,4,2935,7324,Yes,13,3,2,2,2
23,0,Travel_Rarely,2,4,4,15427,22021,No,16,3,3,3,3
24,0,Travel_Rarely,3,1,4,3944,4306,Yes,11,3,3,3,3
26,0,Non-Travel,4,2,3,4011,8232,No,18,3,4,5,2
27,1,Travel_Rarely,2,1,1,3407,6986,No,23,4,2,4,3
28,0,Travel_Rarely,3,3,2,11994,21293,No,11,3,3,4,3
30,0,Travel_Rarely,3,1,4,1232,19281,No,14,3,4,6,3
31,1,Travel_Rarely,3,1,1,2960,17102,No,11,3,3,2,3
32,0,Travel_Rarely,3,5,3,19094,10735,No,11,3,4,3,2
33,1,Travel_Frequently,1,1,1,3919,4681,Yes,22,4,2,5,3
35,0,Travel_Rarely,3,2,2,6825,21173,No,11,3,4,2,3
36,0,Travel_Rarely,2,3,4,10248,2094,No,14,3,4,4,3
38,0,Travel_Rarely,3,5,1,18947,22822,No,12,3,4,2,2
39,0,Travel_Rarely,3,1,4,2496,6670,No,11,3,4,3,3
40,0,Travel_Rarely,3,2,4,6465,19121,Yes,13,3,4,5,4
41,0,Travel_Rarely,2,1,3,2206,16117,No,13,3,1,5,3
42,1,Travel_Rarely,3,2,4,2086,3335,No,14,3,3,6,4
45,1,Travel_Rarely,3,1,4,2293,3020,Yes,16,3,1,2,2
46,0,Travel_Rarely,4,1,3,2645,21923,No,12,3,4,3,2
47,1,Travel_Rarely,2,1,3,2683,3810,Yes,14,3,3,2,3
49,0,Travel_Rarely,3,1,4,2014,9687,No,13,3,1,3,3
51,0,Travel_Rarely,2,1,1,3419,13072,Yes,14,3,4,3,4
52,0,Travel_Frequently,4,2,1,5376,3193,No,19,3,1,3,3
53,0,Travel_Rarely,3,1,4,1951,10910,No,12,3,3,3,3
54,0,Travel_Rarely,3,1,1,2341,19715,No,13,3,4,6,3
55,1,Travel_Rarely,1,1,3,2293,10558,No,12,3,3,2,2
56,0,Travel_Frequently,3,3,3,8726,2975,No,15,3,4,0,3
57,0,Travel_Frequently,3,2,4,4011,10781,No,23,4,4,2,3
58,1,Travel_Rarely,3,5,3,19545,16280,No,12,3,4,0,3
60,0,Non-Travel,3,2,3,4568,10034,No,20,4,3,2,3
61,0,Travel_Rarely,3,1,2,3022,10227,No,21,4,1,1,3
62,0,Travel_Frequently,3,2,4,5772,20445,Yes,21,4,3,4,3
63,0,Travel_Rarely,4,1,4,2269,4892,No,19,3,4,2,3
64,1,Travel_Rarely,2,3,3,5381,19294,Yes,13,3,4,2,3
65,1,Travel_Rarely,3,1,3,3441,11179,Yes,13,3,3,3,2
68,0,Travel_Rarely,3,2,1,5454,4009,Yes,21,4,3,2,2
70,0,Non-Travel,2,3,1,9884,8302,Yes,13,3,3,3,3
72,0,Travel_Rarely,2,2,4,4157,21436,Yes,19,3,3,2,2
73,0,Travel_Frequently,3,3,4,13458,15146,Yes,12,3,3,1,3
74,0,Travel_Frequently,3,3,1,9069,11031,No,22,4,4,3,2
75,0,Travel_Rarely,3,1,1,4014,16002,Yes,15,3,3,3,3
76,0,Travel_Rarely,3,2,4,5915,9528,No,22,4,4,3,2
77,0,Travel_Rarely,2,2,3,5993,2689,No,18,3,3,2,4
78,0,Travel_Rarely,3,2,4,6162,10877,Yes,22,4,2,3,3
79,0,Travel_Frequently,3,2,4,2406,5456,No,11,3,4,2,3
80,0,Travel_Rarely,2,5,3,18740,16701,Yes,12,3,4,2,2
81,0,Travel_Rarely,3,3,1,7637,2354,No,11,3,4,3,2
83,0,Travel_Rarely,3,3,3,10096,8202,No,13,3,2,2,3
84,0,Travel_Rarely,3,4,3,14756,19730,Yes,14,3,3,2,3
85,0,Travel_Frequently,2,2,2,6499,22656,No,13,3,3,3,3
86,0,Travel_Rarely,3,3,1,9724,18787,No,17,3,3,2,3
88,0,Travel_Frequently,3,1,1,2194,5868,No,13,3,4,2,2
90,1,Travel_Rarely,2,1,3,3388,21777,Yes,17,3,1,0,2
91,0,Travel_Frequently,2,2,3,5473,24668,No,11,3,4,2,2
94,0,Travel_Rarely,3,1,2,2703,4956,No,23,4,4,3,3
95,0,Travel_Rarely,3,1,2,2501,18775,No,17,3,2,4,3
96,0,Travel_Rarely,3,2,2,6220,7346,No,17,3,2,3,3
97,0,Travel_Rarely,4,1,4,3038,22002,No,12,3,2,3,3
98,0,Travel_Rarely,3,2,4,4424,20682,No,23,4,4,2,3
100,0,Travel_Rarely,2,2,1,4312,23016,No,14,3,2,2,3
101,0,Travel_Rarely,3,3,1,13245,15067,Yes,14,3,2,3,4
102,0,Travel_Rarely,3,3,3,13664,25258,No,13,3,1,3,4
103,0,Travel_Rarely,3,2,2,5021,10425,Yes,22,4,4,2,3
104,0,Travel_Rarely,2,2,4,5126,15998,Yes,12,3,3,1,2
105,0,Travel_Rarely,2,1,3,2859,26278,No,18,3,1,3,3
106,0,Travel_Rarely,3,3,4,10239,18092,No,14,3,4,4,3
107,0,Non-Travel,1,2,4,5329,15717,Yes,12,3,4,3,3
110,0,Travel_Rarely,3,2,2,4325,17736,No,15,3,3,2,3
112,0,Travel_Rarely,1,3,4,7260,21698,No,11,3,1,3,2
113,0,Travel_Rarely,3,1,1,2322,9518,No,13,3,3,3,3
116,0,Travel_Rarely,3,1,4,2075,18725,No,23,4,2,4,3
117,0,Travel_Rarely,2,2,4,4152,15830,No,19,3,1,3,3
118,1,Travel_Rarely,2,3,4,9619,13596,No,16,3,4,3,3
119,0,Travel_Frequently,2,4,2,13503,14115,No,22,4,4,3,2
120,0,Travel_Rarely,3,2,4,5441,8423,Yes,22,4,4,2,1
121,0,Travel_Rarely,2,2,2,5209,19760,Yes,12,3,2,4,2
124,0,Travel_Frequently,2,3,1,10673,3142,Yes,13,3,3,5,2
125,0,Travel_Rarely,3,2,3,5010,24301,No,16,3,1,0,3
126,0,Travel_Rarely,3,3,3,13549,24001,No,12,3,1,5,1
128,0,Travel_Rarely,3,2,3,4999,17519,No,21,4,1,2,2
129,0,Non-Travel,3,2,3,4221,8863,No,15,3,2,3,4
131,0,Travel_Rarely,3,4,3,13872,24409,No,13,3,3,1,2
132,0,Non-Travel,3,2,2,2042,25043,No,12,3,3,3,4
133,1,Travel_Rarely,3,1,1,2073,23648,Yes,22,4,4,3,3
134,0,Travel_Rarely,3,1,1,2956,15178,No,13,3,4,2,3
137,1,Travel_Frequently,2,1,4,2926,19783,Yes,18,3,2,5,3
138,0,Travel_Rarely,3,2,3,4809,12482,No,14,3,3,3,3
139,0,Non-Travel,2,2,4,5163,15850,No,14,3,4,2,4
140,0,Non-Travel,2,5,4,18844,21922,No,21,4,4,3,3
141,0,Travel_Frequently,3,5,2,18172,9755,Yes,19,3,1,1,2
142,1,Travel_Rarely,2,2,3,5744,26959,Yes,11,3,4,1,3
143,0,Travel_Rarely,2,1,4,2889,26897,No,11,3,3,2,3
144,0,Travel_Rarely,3,1,4,2871,23785,No,15,3,3,5,3
145,0,Travel_Frequently,2,3,1,7484,25796,No,20,4,3,1,2
147,1,Travel_Frequently,1,2,3,6074,22887,Yes,24,4,4,3,3
148,0,Non-Travel,4,4,4,17328,13871,Yes,12,3,3,3,3
150,0,Travel_Rarely,3,1,3,2774,13257,No,12,3,3,2,3
151,0,Travel_Rarely,2,2,2,4505,15000,No,15,3,3,3,3
152,0,Travel_Rarely,3,3,4,7428,14506,No,12,3,1,3,3
153,0,Travel_Rarely,2,3,1,11631,5615,No,12,3,4,6,3
154,0,Travel_Frequently,3,3,4,9738,22952,No,14,3,3,6,3
155,0,Travel_Rarely,3,1,4,2835,2561,No,22,4,1,2,3
158,0,Travel_Frequently,3,4,4,16959,19494,Yes,12,3,4,3,4
159,0,Travel_Frequently,1,1,3,2613,22310,No,25,4,3,2,2
160,0,Non-Travel,3,2,2,6146,15480,No,13,3,1,2,4
161,1,Travel_Rarely,3,1,2,4963,4510,Yes,18,3,1,2,3
162,0,Travel_Rarely,3,5,3,19537,6462,No,13,3,3,5,3
163,1,Travel_Rarely,1,2,3,6172,20739,Yes,18,3,2,3,2
164,0,Travel_Rarely,2,1,2,2368,23300,No,19,3,3,3,2
165,1,Travel_Rarely,3,3,4,10312,3465,No,12,3,4,3,2
167,1,Travel_Rarely,3,1,3,1675,26820,Yes,19,3,4,2,2
169,0,Travel_Rarely,3,1,4,2523,19299,No,14,3,3,2,3
170,0,Travel_Rarely,3,2,1,6567,5549,No,14,3,3,2,2
171,0,Travel_Frequently,4,1,3,4739,16090,No,12,3,4,2,3
174,0,Travel_Frequently,3,3,4,9208,6645,No,11,3,4,3,3
175,1,Travel_Rarely,1,2,3,4559,24788,Yes,11,3,3,2,3
176,0,Travel_Rarely,3,3,3,8189,21196,Yes,13,3,3,2,3
177,0,Travel_Rarely,3,1,3,2942,8916,No,23,4,4,3,3
178,0,Travel_Rarely,3,2,2,4941,2819,No,20,4,4,0,3
179,1,Travel_Frequently,1,3,4,10650,25150,No,15,3,4,2,3
182,0,Travel_Rarely,2,2,3,5902,14590,No,14,3,3,1,4
183,0,Travel_Rarely,2,2,3,8639,24835,No,18,3,4,3,3
184,0,Travel_Rarely,3,2,4,6347,13982,Yes,19,3,4,2,1
190,1,Travel_Rarely,3,1,1,4200,10224,No,22,4,1,2,4
192,0,Travel_Rarely,3,1,4,3452,9752,No,13,3,2,2,2
193,0,Travel_Rarely,3,2,3,4317,2302,Yes,20,4,2,2,3
194,0,Travel_Rarely,3,1,3,2632,23910,No,14,3,3,4,2
195,0,Travel_Frequently,1,2,4,4668,22812,No,17,3,4,2,4
197,0,Travel_Rarely,3,1,1,3204,10415,No,14,3,4,3,3
198,0,Travel_Rarely,2,1,4,2720,11162,No,13,3,4,3,3
199,0,Travel_Frequently,2,4,1,17181,12888,No,13,3,2,2,2
200,0,Travel_Rarely,3,1,1,2238,6961,No,21,4,4,2,3
201,0,Travel_Rarely,3,1,2,1483,16102,No,14,3,4,3,3
202,0,Travel_Frequently,3,2,2,5605,8504,No,11,3,1,2,3
204,0,Travel_Rarely,3,3,2,7295,11439,No,13,3,1,3,3
205,0,Travel_Rarely,3,2,3,2306,16047,Yes,20,4,4,3,1
206,0,Travel_Rarely,3,2,2,2348,10901,No,18,3,3,2,1
207,0,Travel_Frequently,3,3,4,8998,15589,No,14,3,4,2,3
208,0,Non-Travel,3,2,3,4319,26283,No,13,3,1,1,3
211,0,Travel_Rarely,2,2,3,6132,13983,No,17,3,3,2,3
214,0,Travel_Rarely,2,1,2,3346,11873,Yes,20,4,2,3,2
215,0,Travel_Rarely,2,3,4,10855,8552,No,11,3,1,2,2
216,0,Travel_Frequently,3,1,3,2231,11314,No,18,3,4,3,3
217,0,Travel_Rarely,3,1,4,2323,11992,No,24,4,1,6,3
218,0,Non-Travel,3,1,2,2024,5970,No,18,3,4,1,1
221,0,Travel_Rarely,3,1,4,2713,6672,No,11,3,3,2,1
223,0,Travel_Rarely,4,3,4,9439,23402,Yes,16,3,2,2,1
224,0,Non-Travel,2,1,3,2566,25326,Yes,15,3,4,2,2
226,0,Travel_Rarely,3,5,2,19926,17053,No,15,3,2,5,3
227,0,Travel_Rarely,3,1,3,2451,4609,No,12,3,1,2,3
228,0,Travel_Rarely,3,3,4,9419,8053,No,12,3,3,2,3
230,0,Travel_Rarely,2,2,4,8686,12930,No,22,4,3,2,4
231,0,Travel_Rarely,3,1,3,3038,12430,No,20,4,1,2,3
233,0,Travel_Rarely,3,1,2,3058,13364,Yes,16,3,4,3,2
235,1,Travel_Frequently,1,1,1,2325,20989,No,21,4,1,5,4
238,0,Travel_Frequently,3,1,2,2088,15062,No,12,3,3,3,2
239,0,Non-Travel,3,2,1,3072,11012,No,11,3,3,4,3
240,0,Travel_Rarely,3,2,1,5006,6319,Yes,11,3,1,3,4
241,0,Travel_Rarely,3,1,1,4257,13939,Yes,18,3,3,3,3
242,0,Travel_Rarely,3,1,4,2500,10515,No,14,3,1,2,4
243,1,Travel_Rarely,2,1,4,1102,9241,No,22,4,3,3,2
244,0,Travel_Rarely,3,3,1,10453,2137,No,25,4,3,2,3
245,0,Travel_Rarely,3,1,4,2288,6319,No,12,3,3,3,3
246,0,Travel_Rarely,3,1,4,3929,6984,Yes,23,4,3,0,3
247,0,Travel_Rarely,3,1,2,2311,5711,No,15,3,4,3,3
248,1,Travel_Rarely,3,1,2,3140,21728,Yes,22,4,4,5,2
249,0,Travel_Rarely,2,1,3,3690,3425,No,15,3,4,2,2
250,0,Travel_Rarely,4,2,1,4450,26250,No,11,3,3,3,3
252,0,Travel_Rarely,3,1,2,2756,4673,No,13,3,4,5,3
253,0,Travel_Rarely,3,5,3,19033,6499,No,14,3,2,2,3
254,0,Travel_Rarely,4,5,2,18722,13339,No,11,3,4,3,3
256,0,Travel_Frequently,2,2,3,9547,14074,No,17,3,3,2,2
258,0,Travel_Rarely,3,4,2,13734,7192,No,18,3,3,6,3
259,0,Travel_Rarely,2,5,3,19999,5678,No,14,3,1,5,3
260,0,Travel_Rarely,3,1,2,2279,11781,No,16,3,4,2,2
261,1,Travel_Rarely,2,2,3,5916,15497,Yes,13,3,1,1,3
262,0,Non-Travel,4,1,4,2089,5228,No,14,3,4,3,4
264,0,Non-Travel,2,4,4,16792,20462,No,23,4,4,1,3
267,0,Travel_Rarely,4,1,1,3564,22977,Yes,12,3,1,3,2
269,0,Travel_Frequently,3,2,2,4425,15986,No,11,3,4,5,3
270,0,Non-Travel,3,2,3,5265,16439,No,16,3,2,5,3
271,0,Travel_Rarely,3,2,3,6553,7259,No,14,3,2,3,3
273,0,Travel_Rarely,3,2,4,6261,4185,No,18,3,1,3,1
274,0,Travel_Frequently,2,2,1,4298,9679,No,19,3,3,1,3
275,0,Non-Travel,3,2,4,6804,23793,Yes,15,3,1,0,3
277,0,Travel_Frequently,3,1,3,3815,5972,Yes,17,3,4,4,4
281,0,Travel_Rarely,3,2,4,2741,16523,Yes,15,3,3,2,4
282,1,Travel_Rarely,3,2,1,6673,11354,Yes,19,3,2,2,3
283,1,Travel_Rarely,3,3,4,7639,24525,No,22,4,4,3,2
284,0,Travel_Rarely,4,1,2,2328,12392,Yes,16,3,1,2,2
286,0,Travel_Frequently,3,1,4,2153,7703,No,13,3,1,2,3
287,0,Non-Travel,2,2,4,4876,14242,No,14,3,4,5,1
288,0,Travel_Rarely,3,3,1,9396,12368,No,16,3,3,3,3
291,1,Travel_Rarely,1,3,4,10400,25812,No,11,3,3,2,2
292,0,Non-Travel,2,3,3,8474,20925,No,22,4,3,2,3
293,0,Travel_Frequently,3,2,3,9981,12916,No,14,3,4,2,3
296,0,Travel_Rarely,2,3,2,12490,15736,No,16,3,4,5,1
297,1,Travel_Rarely,3,1,1,2657,8556,Yes,11,3,3,5,3
298,0,Travel_Rarely,3,3,4,13591,14674,Yes,18,3,3,3,3
299,1,Travel_Frequently,2,2,1,6696,22967,No,15,3,3,5,2
300,1,Travel_Rarely,3,1,3,2058,19757,No,14,3,4,1,2
302,0,Non-Travel,2,3,4,8865,16840,No,12,3,4,2,3
303,0,Travel_Rarely,3,2,1,5940,17011,No,14,3,4,4,3
304,0,Travel_Rarely,3,2,2,5914,9945,No,16,3,4,3,4
305,0,Travel_Rarely,2,1,2,2622,13248,No,21,4,4,3,3
306,0,Travel_Frequently,3,3,4,12185,10056,Yes,14,3,3,1,3
307,0,Travel_Rarely,3,3,3,10609,9647,No,12,3,3,6,2
308,0,Non-Travel,1,2,3,4345,4381,No,12,3,4,2,3
309,0,Travel_Rarely,2,1,4,2177,8456,No,17,3,1,6,3
311,0,Travel_Frequently,3,1,4,2793,2539,No,17,3,3,2,3
312,0,Travel_Frequently,3,3,4,7918,6599,No,14,3,4,5,3
314,0,Travel_Frequently,3,3,3,8789,9096,No,14,3,1,3,4
315,1,Travel_Rarely,2,1,4,2389,14961,Yes,13,3,3,3,2
316,0,Travel_Rarely,2,1,4,3212,3300,No,15,3,2,3,2
319,0,Travel_Rarely,3,5,4,19232,4933,No,11,3,4,3,3
321,0,Travel_Rarely,3,1,3,2267,25657,No,17,3,4,2,2
323,0,Travel_Rarely,3,5,4,19517,24118,No,11,3,3,3,2
325,1,Travel_Rarely,3,1,4,2436,22149,Yes,13,3,3,2,1
327,0,Travel_Rarely,3,4,4,16064,7744,Yes,22,4,3,3,3
328,1,Travel_Rarely,3,1,1,2707,21509,No,20,4,1,3,4
329,0,Non-Travel,2,5,3,19068,21030,Yes,18,3,4,2,4
330,0,Travel_Rarely,3,1,2,3931,20990,No,11,3,1,5,3
331,1,Travel_Rarely,2,1,3,3730,9571,Yes,14,3,4,2,1
332,0,Travel_Rarely,3,1,3,2232,15417,No,14,3,3,1,3
333,0,Non-Travel,3,2,4,4465,12069,No,18,3,1,2,3
334,0,Travel_Rarely,3,2,1,3072,19877,No,16,3,1,2,2
335,0,Travel_Rarely,3,2,4,3319,24447,No,17,3,1,3,3
336,0,Travel_Rarely,4,5,4,19202,15970,No,11,3,3,2,3
337,0,Travel_Frequently,3,3,3,13675,13523,No,12,3,1,3,3
338,0,Travel_Rarely,2,1,4,2911,14776,No,13,3,3,2,2
339,0,Travel_Rarely,2,2,1,5957,23687,No,13,3,2,3,3
340,0,Travel_Rarely,2,1,1,3920,18697,No,14,3,1,2,2
341,0,Travel_Frequently,4,2,3,6434,5118,No,17,3,4,1,3
342,1,Travel_Frequently,3,3,3,10048,22573,No,11,3,2,5,3
343,0,Travel_Frequently,3,3,3,10938,6420,No,25,4,4,1,3
346,0,Travel_Rarely,3,1,4,2340,22673,No,19,3,1,1,3
347,0,Travel_Rarely,4,2,1,6545,23016,Yes,13,3,3,1,3
349,0,Travel_Rarely,3,2,4,6931,10732,No,14,3,4,2,3
350,0,Travel_Rarely,3,2,3,4898,7505,No,12,3,4,3,3
351,0,Travel_Rarely,2,1,1,2593,8007,Yes,11,3,3,4,3
352,0,Travel_Rarely,3,5,3,19436,5949,No,19,3,4,5,3
353,0,Travel_Rarely,3,1,4,2723,23231,No,11,3,2,0,2
355,1,Travel_Frequently,2,1,2,3479,11652,No,11,3,2,2,4
359,0,Travel_Frequently,4,1,2,2794,26062,No,20,4,3,3,1
361,0,Non-Travel,2,2,4,5249,19682,No,18,3,4,0,3
362,0,Travel_Rarely,2,2,1,2176,19737,No,13,3,4,5,3
363,0,Travel_Rarely,1,4,2,16872,14977,Yes,12,3,2,2,2
364,1,Travel_Rarely,3,1,3,3485,14935,No,11,3,3,5,1
366,0,Travel_Rarely,2,2,2,6644,3687,No,19,3,2,2,3
367,0,Travel_Rarely,2,2,4,5582,14408,No,21,4,2,2,3
369,0,Non-Travel,4,2,1,4000,18384,No,12,3,4,2,3
372,0,Travel_Rarely,3,4,4,13496,7501,Yes,14,3,2,2,3
373,0,Travel_Rarely,3,1,4,3210,20251,No,11,3,3,4,3
374,0,Travel_Rarely,3,5,1,19045,18938,Yes,14,3,3,2,3
376,1,Non-Travel,3,3,2,11849,10268,Yes,12,3,4,2,2
377,0,Travel_Rarely,3,1,4,2070,2613,No,23,4,4,3,2
378,0,Travel_Rarely,3,2,4,6502,22825,No,14,3,2,5,4
379,0,Travel_Rarely,2,1,3,3230,10531,No,17,3,1,4,4
380,0,Non-Travel,3,3,4,13603,11677,Yes,18,3,1,2,3
381,0,Travel_Rarely,4,3,2,11996,19100,No,18,3,2,6,2
382,0,Travel_Rarely,4,2,1,5605,19191,Yes,24,4,3,3,3
384,0,Travel_Frequently,3,2,2,6397,26767,No,20,4,1,6,1
385,0,Travel_Rarely,3,5,2,19144,15815,No,14,3,1,4,2
386,0,Travel_Rarely,3,4,3,17584,21016,Yes,16,3,4,5,2
387,0,Travel_Rarely,3,2,3,4907,24532,No,25,4,3,3,3
388,0,Travel_Frequently,3,2,4,4554,20260,No,18,3,1,3,2
389,0,Travel_Rarely,3,2,4,5415,15972,Yes,19,3,4,4,3
390,0,Travel_Frequently,3,2,1,4741,22722,Yes,13,3,3,3,3
391,0,Travel_Rarely,3,1,4,2115,15881,No,12,3,2,3,3
392,1,Travel_Frequently,3,1,3,3161,19920,Yes,22,4,4,0,1
393,0,Travel_Rarely,3,2,4,5745,18899,No,14,3,2,2,3
394,1,Travel_Rarely,3,1,2,2373,14180,Yes,13,3,4,2,3
395,0,Travel_Rarely,3,1,4,3310,4488,No,21,4,4,3,3
396,0,Travel_Frequently,3,5,1,18665,25594,Yes,11,3,4,4,3
397,0,Travel_Rarely,3,2,2,4485,26285,No,12,3,4,2,3
399,0,Travel_Frequently,3,1,2,2789,3909,No,11,3,3,5,2
401,1,Travel_Rarely,2,2,4,5828,8450,Yes,12,3,2,0,3
403,0,Travel_Frequently,3,1,4,2326,11411,Yes,12,3,3,3,2
404,0,Travel_Frequently,3,4,2,13525,14864,No,14,3,4,2,4
405,1,Travel_Rarely,3,1,3,1420,25233,No,13,3,3,2,3
406,0,Travel_Rarely,3,3,2,8020,5100,No,15,3,3,3,2
407,0,Travel_Frequently,4,1,4,3688,7122,No,18,3,4,2,3
408,0,Travel_Rarely,1,2,2,5482,16321,No,18,3,4,3,3
410,0,Travel_Rarely,3,4,2,16015,15896,No,19,3,2,2,3
411,0,Travel_Rarely,2,1,3,1200,9724,No,12,3,1,2,3
412,0,Travel_Rarely,4,2,1,5661,4824,No,19,3,3,2,3
416,0,Travel_Rarely,4,2,4,6929,12241,No,11,3,2,3,2
417,0,Travel_Rarely,4,3,4,9613,10942,No,17,3,1,5,2
419,0,Non-Travel,3,2,2,5674,6927,No,15,3,3,3,3
420,0,Travel_Rarely,2,2,3,5484,16985,No,14,3,3,3,2
421,0,Travel_Rarely,2,3,2,12061,26707,No,17,3,3,2,3
422,0,Non-Travel,1,2,3,5660,17056,Yes,13,3,4,2,3
423,0,Travel_Rarely,3,1,4,4821,10077,Yes,12,3,3,4,3
424,0,Travel_Rarely,2,2,1,6410,17822,No,12,3,4,1,3
425,0,Travel_Frequently,3,3,1,5210,20308,No,18,3,1,2,3
426,0,Travel_Rarely,3,1,4,2695,7747,Yes,18,3,2,2,1
428,0,Travel_Frequently,3,3,2,11878,23364,No,11,3,2,2,3
429,0,Travel_Rarely,3,4,1,17068,5355,Yes,14,3,4,3,3
430,0,Travel_Frequently,3,1,4,2455,10675,No,19,3,1,5,3
431,0,Travel_Rarely,2,4,3,13964,17810,Yes,12,3,4,2,3
433,1,Travel_Rarely,2,2,2,4941,17747,No,15,3,1,3,2
434,0,Travel_Rarely,3,1,2,2478,20938,Yes,12,3,2,2,2
436,0,Travel_Rarely,2,2,2,5228,24624,Yes,11,3,4,2,3
437,0,Travel_Rarely,3,2,3,4478,5242,Yes,11,3,1,3,3
438,0,Travel_Rarely,3,2,4,7547,7143,No,12,3,4,3,3
439,0,Travel_Rarely,4,2,4,5055,10557,No,16,3,3,0,2
440,1,Travel_Rarely,1,1,4,3464,24737,Yes,13,3,4,4,2
441,0,Travel_Rarely,3,2,4,5775,11934,No,13,3,4,2,3
442,0,Travel_Frequently,2,3,3,8943,14034,No,24,4,1,2,3
444,0,Travel_Frequently,2,5,4,19272,21141,No,15,3,1,2,3
445,1,Travel_Rarely,3,2,3,5238,17778,Yes,18,3,1,3,2
446,0,Travel_Frequently,2,2,4,4682,4317,No,14,3,3,6,2
447,0,Travel_Rarely,3,5,3,18300,16375,No,11,3,2,2,3
448,0,Travel_Frequently,2,2,3,5257,6227,No,11,3,2,3,4
449,0,Non-Travel,3,2,2,6349,22107,Yes,13,3,4,0,3
450,0,Travel_Frequently,3,2,3,4869,16885,No,12,3,4,4,2
451,0,Travel_Rarely,3,3,1,9985,9262,No,16,3,1,1,2
452,0,Travel_Rarely,3,2,4,3697,9278,No,14,3,1,3,3
453,0,Travel_Rarely,1,2,4,7457,13273,Yes,22,4,3,2,2
454,1,Travel_Rarely,1,1,1,2119,4759,Yes,11,3,4,4,2
455,0,Travel_Rarely,2,1,4,3983,7621,No,17,3,3,2,3
456,0,Travel_Rarely,2,2,3,6118,5431,No,13,3,3,2,3
458,0,Travel_Rarely,3,2,2,6214,3415,No,18,3,1,3,3
460,0,Travel_Rarely,3,2,4,6347,23177,No,16,3,3,2,2
461,0,Travel_Rarely,2,3,4,11510,15682,Yes,14,3,2,3,3
462,0,Travel_Rarely,3,3,4,7143,25713,Yes,14,3,3,2,2
463,0,Travel_Rarely,2,2,2,8268,11866,Yes,14,3,1,2,3
464,0,Travel_Rarely,3,3,2,8095,18264,No,13,3,4,5,3
465,0,Travel_Rarely,3,1,4,2904,16092,No,12,3,3,2,2
466,0,Travel_Rarely,2,2,2,6032,10110,Yes,15,3,4,3,3
467,0,Travel_Frequently,3,2,3,2976,25751,No,19,3,1,3,3
468,0,Travel_Rarely,3,4,4,15992,15901,No,14,3,2,2,3
469,0,Non-Travel,3,2,3,4649,16928,No,14,3,1,3,2
470,0,Travel_Rarely,3,1,3,2696,24017,Yes,11,3,3,5,3
471,0,Travel_Rarely,3,1,2,2370,3956,No,13,3,3,4,3
473,0,Travel_Rarely,3,3,3,12504,23978,No,21,4,2,3,1
474,0,Travel_Rarely,4,2,1,5974,17001,Yes,13,3,1,2,3
475,0,Non-Travel,3,2,3,4736,6069,Yes,12,3,2,2,4
476,0,Travel_Rarely,3,2,3,5296,20156,No,17,3,2,3,3
477,0,Travel_Rarely,2,2,4,6781,17078,No,23,4,2,6,3
478,1,Travel_Frequently,2,1,2,2174,9150,Yes,11,3,3,3,3
479,0,Non-Travel,3,2,4,6653,15276,No,15,3,2,6,3
481,0,Travel_Frequently,2,3,4,9699,7246,No,11,3,1,2,3
482,0,Travel_Rarely,3,2,3,6755,2967,No,11,3,3,2,3
483,0,Travel_Rarely,4,1,3,2213,22495,Yes,13,3,3,3,3
484,0,Non-Travel,3,1,4,2610,2851,No,24,4,3,3,2
485,1,Travel_Rarely,3,1,3,2851,9150,Yes,13,3,2,2,3
486,0,Travel_Rarely,3,1,1,3452,17663,No,20,4,2,3,3
487,0,Non-Travel,3,2,3,5258,16044,No,14,3,3,2,4
488,1,Travel_Frequently,3,2,2,9355,9558,No,18,3,3,5,3
491,0,Travel_Rarely,2,3,4,10496,2755,No,15,3,4,2,3
492,1,Travel_Rarely,2,2,3,6380,6110,Yes,12,3,1,6,3
493,0,Travel_Rarely,2,1,2,2657,7551,Yes,16,3,4,5,3
494,1,Travel_Rarely,4,1,2,2716,25422,No,15,3,4,0,3
495,0,Travel_Rarely,3,1,4,2201,18168,No,16,3,4,4,3
496,0,Travel_Rarely,2,2,2,6540,19394,No,19,3,3,5,3
497,0,Travel_Rarely,3,1,2,3816,17881,No,11,3,2,2,3
498,0,Travel_Rarely,3,2,4,5253,20750,No,16,3,4,1,3
499,0,Travel_Rarely,2,3,3,10965,12066,No,24,4,3,2,3
500,0,Travel_Rarely,3,2,4,4936,14862,No,11,3,3,2,2
501,0,Travel_Rarely,3,1,3,2543,11868,No,13,3,2,3,3
502,1,Non-Travel,4,2,4,5304,4652,Yes,13,3,2,3,2
505,0,Travel_Rarely,3,4,4,16659,23258,Yes,13,3,3,2,3
507,0,Travel_Rarely,3,2,3,4260,5915,Yes,12,3,4,2,4
508,0,Travel_Rarely,3,1,2,2476,17434,No,18,3,1,3,3
510,1,Travel_Frequently,3,1,1,3102,6582,No,22,4,3,2,3
511,0,Travel_Rarely,3,1,2,2244,24440,No,13,3,4,1,3
513,0,Travel_Rarely,2,3,3,7596,3809,No,13,3,2,2,3
514,1,Travel_Frequently,3,1,4,2285,3427,Yes,23,4,3,4,3
515,0,Travel_Rarely,3,1,1,3034,26914,No,12,3,3,2,2
516,0,Travel_Rarely,3,2,2,5715,22553,No,12,3,3,5,3
517,0,Travel_Rarely,3,1,1,2576,20490,No,16,3,2,5,3
518,0,Travel_Rarely,3,2,2,4197,21123,Yes,12,3,4,2,2
520,0,Travel_Rarely,2,4,2,14336,4345,No,11,3,3,3,3
521,0,Travel_Rarely,2,2,3,3448,13436,No,22,4,2,3,3
522,0,Travel_Rarely,3,5,1,19406,8509,No,11,3,3,4,2
523,0,Non-Travel,3,2,3,6538,12740,No,15,3,1,3,3
524,0,Travel_Rarely,3,2,1,4306,4156,No,12,3,2,5,1
525,0,Travel_Frequently,3,1,4,2258,15238,No,20,4,1,1,3
526,0,Travel_Rarely,3,2,3,4522,2227,Yes,14,3,4,3,3
527,0,Travel_Rarely,2,2,4,4487,12090,Yes,11,3,2,3,3
529,0,Non-Travel,3,2,3,4449,23866,Yes,15,3,1,2,3
530,0,Travel_Rarely,2,1,1,2218,16193,No,12,3,3,3,3
531,0,Travel_Frequently,3,5,3,19197,8213,Yes,14,3,3,3,3
532,0,Travel_Frequently,4,4,1,13212,18256,No,11,3,4,0,2
533,0,Travel_Rarely,3,2,3,6577,19558,No,11,3,2,6,3
534,0,Travel_Rarely,4,3,1,8392,19566,No,16,3,3,2,3
536,0,Travel_Rarely,3,2,1,4558,13535,No,12,3,4,2,3
538,1,Travel_Rarely,3,1,1,4031,9396,No,13,3,3,5,3
543,0,Travel_Rarely,2,3,3,7969,19609,Yes,14,3,3,4,3
544,0,Travel_Rarely,3,1,4,2654,9655,No,21,4,4,3,2
546,0,Travel_Rarely,3,4,4,16555,10310,No,13,3,4,2,1
547,0,Travel_Frequently,3,2,3,4556,12932,No,11,3,2,3,3
548,0,Travel_Rarely,1,2,4,6091,24793,No,20,4,3,2,3
549,0,Travel_Rarely,3,5,1,19566,3854,No,11,3,4,5,1
550,0,Travel_Rarely,3,2,3,4810,26314,No,14,3,3,5,2
551,0,Travel_Frequently,2,2,4,4523,4386,No,11,3,4,4,4
554,1,Travel_Rarely,3,1,2,3202,21972,Yes,16,3,2,4,3
555,1,Travel_Frequently,1,1,3,2351,12253,No,16,3,4,3,2
556,0,Travel_Frequently,3,1,4,1702,12106,Yes,23,4,3,3,3
558,0,Travel_Rarely,3,5,3,18041,13022,No,14,3,4,2,3
560,0,Travel_Rarely,3,1,4,2886,3032,No,22,4,2,3,1
562,0,Non-Travel,3,1,4,2097,16734,No,15,3,3,3,1
564,0,Travel_Rarely,2,3,3,11935,21526,No,18,3,3,2,3
565,1,Travel_Rarely,2,1,2,2546,18300,No,16,3,2,2,4
566,1,Travel_Rarely,2,1,4,2564,18437,No,12,3,3,3,4
567,0,Non-Travel,3,3,1,8412,2890,No,11,3,3,3,3
568,0,Travel_Rarely,2,4,4,14118,22102,No,12,3,3,3,2
569,0,Travel_Rarely,2,4,3,17046,9314,No,15,3,2,2,3
571,0,Non-Travel,3,1,4,2564,7181,No,14,3,3,2,2
573,0,Travel_Frequently,2,3,1,10266,2845,No,19,3,4,5,4
574,0,Travel_Rarely,3,2,4,5070,7389,No,13,3,3,2,3
575,0,Travel_Rarely,3,4,3,17861,2288,No,13,3,3,2,1
577,0,Travel_Rarely,1,1,3,4230,19225,No,15,3,3,2,3
578,0,Travel_Rarely,3,2,3,3780,23428,No,11,3,3,3,3
579,0,Travel_Rarely,2,1,3,2768,8416,No,12,3,3,3,3
580,0,Travel_Rarely,2,3,4,9071,11563,Yes,19,3,3,3,3
581,0,Travel_Rarely,3,3,2,10648,14394,No,25,4,4,6,4
582,1,Travel_Rarely,3,3,3,13610,24619,Yes,12,3,4,2,4
584,1,Travel_Rarely,1,1,4,3408,6705,No,13,3,1,2,3
585,0,Travel_Rarely,3,1,2,2983,18398,No,14,3,1,3,3
586,0,Travel_Rarely,3,3,3,7632,14295,Yes,12,3,3,2,3
587,1,Travel_Frequently,3,3,3,9824,22908,No,12,3,1,2,3
590,1,Travel_Frequently,3,3,1,9950,11533,Yes,15,3,3,2,3
591,0,Travel_Frequently,3,1,3,2093,9260,No,17,3,4,4,3
592,0,Non-Travel,3,3,4,9980,15318,No,14,3,4,3,2
593,1,Travel_Frequently,2,1,3,3894,9129,No,16,3,3,3,3
595,0,Travel_Rarely,3,2,4,4051,19658,No,14,3,1,2,3
597,0,Travel_Rarely,3,4,2,16835,9873,No,23,4,4,2,3
599,0,Non-Travel,3,2,4,6230,13430,No,14,3,4,3,3
600,0,Travel_Rarely,3,2,3,4717,18659,No,11,3,3,2,3
601,0,Travel_Rarely,3,4,3,13237,20364,No,15,3,3,3,3
602,0,Travel_Frequently,3,1,3,3755,17872,No,11,3,1,3,3
604,0,Travel_Rarely,3,2,4,6582,8346,Yes,13,3,3,2,4
605,0,Travel_Rarely,3,3,1,7406,6950,Yes,21,4,4,5,2
606,0,Travel_Rarely,3,2,2,4805,16177,No,19,3,2,3,4
608,1,Travel_Frequently,3,1,3,2741,22808,Yes,11,3,2,2,2
611,0,Travel_Rarely,3,2,4,4262,22645,No,12,3,2,2,4
612,0,Travel_Rarely,4,4,3,16184,22578,No,19,3,3,2,3
613,0,Travel_Rarely,2,3,4,11557,25291,No,21,4,3,3,2
614,1,Travel_Frequently,3,1,2,1878,8059,Yes,14,3,4,3,3
615,0,Non-Travel,1,3,1,10932,11373,No,15,3,3,2,3
616,0,Non-Travel,2,2,3,6811,2112,Yes,17,3,1,3,3
618,0,Travel_Rarely,3,2,3,4306,4267,No,12,3,1,5,3
620,0,Travel_Rarely,3,2,3,4859,6698,No,16,3,4,3,3
621,0,Travel_Rarely,4,2,4,5337,19921,No,12,3,4,3,3
622,1,Travel_Rarely,1,1,4,2340,23213,Yes,18,3,2,3,1
623,0,Travel_Rarely,3,3,4,7491,23848,No,17,3,4,3,4
624,0,Travel_Frequently,3,3,3,10527,8984,No,11,3,4,3,2
625,0,Travel_Rarely,3,4,1,16595,5626,No,16,3,2,2,3
626,0,Non-Travel,3,3,2,8834,24666,No,13,3,4,6,3
630,0,Travel_Rarely,3,2,1,5577,22087,Yes,12,3,2,3,3
631,1,Non-Travel,4,2,3,4707,23914,No,12,3,4,2,3
632,0,Travel_Frequently,3,1,4,2400,5530,No,13,3,3,3,3
634,0,Travel_Rarely,3,2,3,9824,22174,No,19,3,3,4,3
635,0,Travel_Rarely,3,2,2,6447,15701,No,12,3,2,2,2
638,0,Travel_Rarely,2,5,3,19502,2125,Yes,17,3,3,5,3
639,0,Travel_Rarely,4,1,4,2725,21630,Yes,11,3,2,3,3
641,0,Travel_Rarely,3,2,2,6272,7428,No,20,4,4,5,4
643,0,Travel_Rarely,2,1,2,2127,9100,No,21,4,4,2,3
644,0,Travel_Frequently,3,5,2,18200,7999,No,11,3,3,2,3
645,0,Travel_Rarely,3,1,3,2096,26376,No,11,3,3,1,3
647,1,Travel_Frequently,3,1,3,2886,14168,Yes,16,3,4,4,3
648,1,Travel_Frequently,2,1,1,2033,14470,No,18,3,3,2,4
649,0,Travel_Rarely,2,1,4,3622,22794,Yes,13,3,4,3,3
650,1,Travel_Rarely,3,2,1,4233,11512,No,17,3,3,2,1
652,0,Travel_Rarely,2,2,4,3681,14004,No,14,3,4,3,3
653,0,Travel_Rarely,4,2,4,5460,6219,No,22,4,4,4,4
655,0,Travel_Rarely,2,1,3,2187,5013,No,12,3,3,5,2
656,0,Travel_Rarely,3,2,3,9602,3010,Yes,11,3,3,3,2
657,0,Travel_Rarely,2,1,2,2836,11757,No,13,3,4,0,4
659,0,Travel_Rarely,3,2,4,4089,5718,No,13,3,2,4,3
661,0,Travel_Rarely,2,4,4,16627,2671,Yes,14,3,3,3,2
662,0,Travel_Rarely,3,1,1,2619,14561,No,17,3,4,3,2
663,0,Travel_Frequently,3,2,3,5679,19627,Yes,13,3,2,3,3
664,0,Travel_Rarely,2,4,1,15402,17997,No,11,3,1,3,1
665,0,Travel_Rarely,2,2,3,5985,26894,No,11,3,2,1,4
666,0,Travel_Rarely,3,1,3,2579,2912,Yes,18,3,4,3,3
667,1,Travel_Rarely,3,1,1,3041,16346,No,11,3,2,3,3
669,0,Travel_Rarely,3,1,3,3447,24444,No,11,3,3,2,3
671,0,Travel_Rarely,3,5,4,19513,9358,Yes,12,3,1,2,4
675,0,Travel_Rarely,3,1,3,2773,12145,No,20,4,4,3,3
677,0,Travel_Rarely,3,2,3,7104,20431,No,12,3,4,3,3
679,0,Travel_Rarely,3,2,4,6322,18089,Yes,12,3,4,2,2
680,0,Travel_Frequently,3,1,3,2083,22653,No,20,4,3,2,3
682,0,Travel_Rarely,3,2,1,8381,7507,No,20,4,4,2,4
683,0,Travel_Rarely,3,1,4,2691,7660,No,12,3,4,4,2
684,1,Travel_Frequently,3,2,1,4286,5630,No,14,3,4,4,3
686,0,Travel_Rarely,3,1,4,2659,17759,Yes,13,3,3,2,3
689,0,Travel_Rarely,3,3,3,9434,9606,No,15,3,3,2,3
690,0,Travel_Rarely,3,2,3,5561,3487,No,14,3,1,5,2
691,0,Travel_Rarely,1,2,4,6646,19368,No,13,3,2,3,3
692,0,Travel_Frequently,3,2,4,7725,5335,No,23,4,3,2,1
698,0,Travel_Rarely,3,3,2,10725,6729,No,15,3,3,1,4
699,0,Travel_Rarely,2,2,2,8847,13934,Yes,11,3,3,2,3
700,0,Travel_Rarely,2,1,4,2045,15174,No,13,3,4,0,3
701,1,Travel_Rarely,3,1,3,1009,26999,Yes,11,3,4,5,3
702,1,Travel_Frequently,3,1,1,3348,3164,Yes,11,3,1,3,3
704,0,Non-Travel,2,1,3,1281,16900,No,18,3,3,3,3
705,0,Travel_Rarely,4,1,1,2819,8544,No,16,3,1,3,4
707,0,Travel_Rarely,4,2,2,4851,15678,No,22,4,3,4,3
709,0,Travel_Rarely,2,2,4,4028,7791,No,20,4,1,2,3
710,0,Travel_Frequently,1,1,4,2720,18959,No,18,3,4,5,3
712,0,Travel_Rarely,4,2,2,8120,18597,No,12,3,4,3,3
714,0,Travel_Frequently,4,2,4,4647,16673,Yes,20,4,2,3,3
715,0,Travel_Rarely,4,1,4,4680,15232,No,17,3,1,2,3
716,0,Travel_Rarely,4,1,3,3221,3297,Yes,11,3,3,3,3
717,0,Travel_Rarely,2,3,2,8621,17654,No,14,3,2,3,4
720,1,Travel_Rarely,3,2,3,4577,24785,No,14,3,1,3,3
721,0,Travel_Rarely,2,2,3,4553,20978,No,11,3,1,4,3
722,0,Travel_Rarely,3,2,4,5396,21703,No,12,3,4,2,2
723,1,Travel_Frequently,3,2,3,6796,23452,Yes,14,3,1,4,3
724,0,Travel_Rarely,4,2,4,7625,19383,No,13,3,3,4,2
725,0,Travel_Rarely,3,3,1,7412,6009,No,11,3,4,3,3
727,0,Travel_Rarely,3,3,4,11159,19373,No,15,3,4,6,3
728,0,Travel_Rarely,3,2,1,4960,11825,No,12,3,4,2,3
729,0,Travel_Frequently,2,3,1,10475,23772,Yes,21,4,3,2,3
730,0,Travel_Rarely,4,4,3,14814,13514,No,19,3,3,3,3
731,0,Travel_Rarely,2,5,4,19141,8861,No,15,3,2,2,2
732,0,Travel_Rarely,3,2,1,5405,11924,No,14,3,4,1,3
733,0,Travel_Frequently,3,3,1,8793,4809,No,21,4,3,4,2
734,0,Travel_Rarely,2,5,3,19189,19562,No,12,3,2,3,3
738,0,Travel_Rarely,3,1,2,3875,9983,No,15,3,4,2,3
741,1,Travel_Rarely,1,1,2,2216,3872,Yes,13,3,4,4,3
742,0,Non-Travel,4,3,1,11713,20335,No,14,3,1,2,3
743,0,Travel_Rarely,3,3,3,7861,15397,Yes,14,3,4,4,4
744,0,Non-Travel,1,1,3,3708,2104,No,14,3,3,5,3
746,0,Travel_Frequently,3,4,3,13770,10225,Yes,12,3,4,2,2
747,0,Travel_Rarely,3,2,4,5304,25275,No,23,4,4,2,2
749,0,Travel_Rarely,3,1,3,2642,2755,No,11,3,3,6,3
752,1,Travel_Frequently,4,1,3,2759,20366,Yes,12,3,4,2,3
754,0,Travel_Frequently,2,2,4,6804,23683,No,18,3,3,5,3
757,0,Travel_Rarely,3,2,3,6142,7360,No,11,3,4,2,3
758,0,Travel_Rarely,3,1,1,2500,4344,No,14,3,4,2,4
760,0,Travel_Rarely,4,2,2,6389,18767,No,15,3,3,3,1
762,0,Travel_Rarely,3,4,4,11103,20420,No,11,3,3,1,2
763,0,Travel_Rarely,2,1,4,2342,22929,Yes,20,4,4,2,2
764,0,Travel_Rarely,2,2,1,6811,23398,No,19,3,1,2,1
766,0,Travel_Rarely,3,1,2,2297,17967,No,14,3,4,2,3
769,0,Travel_Rarely,3,2,4,2450,10919,No,17,3,4,4,3
771,0,Non-Travel,3,2,1,5093,4761,No,11,3,1,2,4
772,0,Travel_Frequently,3,2,4,5309,21146,No,15,3,4,2,3
773,0,Travel_Rarely,3,1,3,3057,20471,Yes,13,3,2,0,1
775,0,Travel_Rarely,3,2,1,5121,4187,No,14,3,3,3,3
776,0,Travel_Rarely,2,4,1,16856,10084,No,11,3,1,3,4
780,1,Travel_Rarely,3,1,4,2686,5207,Yes,13,3,3,2,2
781,0,Travel_Rarely,3,2,4,6180,22807,No,23,4,2,5,2
783,0,Travel_Rarely,1,2,3,6632,12388,No,13,3,1,3,3
784,0,Travel_Rarely,4,1,3,3505,19630,No,18,3,4,3,3
785,1,Travel_Frequently,4,2,3,6397,10339,Yes,12,3,4,2,3
786,0,Travel_Rarely,3,2,4,6274,18686,No,22,4,3,5,3
787,1,Travel_Rarely,3,5,1,19859,21199,Yes,13,3,4,2,3
789,0,Non-Travel,2,3,1,7587,14229,No,15,3,2,1,3
791,0,Non-Travel,3,1,4,4258,26589,No,18,3,1,3,3
792,0,Travel_Frequently,1,1,4,4364,5288,No,14,3,1,2,3
793,0,Travel_Rarely,3,2,3,4335,25549,No,12,3,1,3,2
796,1,Travel_Rarely,2,2,1,5326,3064,No,17,3,3,2,2
797,0,Travel_Rarely,4,1,4,3280,13551,No,16,3,3,2,3
799,0,Travel_Rarely,3,2,1,5485,22670,Yes,11,3,2,4,3
800,0,Travel_Frequently,3,2,4,4342,24008,No,19,3,2,3,3
802,0,Travel_Rarely,3,1,1,2782,19905,Yes,13,3,2,3,2
803,0,Travel_Frequently,4,2,1,5980,26085,Yes,12,3,4,2,3
804,0,Travel_Rarely,2,1,1,4381,7530,No,11,3,3,3,3
805,0,Travel_Rarely,3,1,4,2572,20317,No,16,3,2,1,2
806,0,Travel_Rarely,1,1,3,3833,24375,No,21,4,3,2,3
807,0,Travel_Frequently,4,2,2,4244,9931,No,24,4,4,2,3
808,0,Travel_Rarely,3,2,1,6500,13305,No,17,3,2,1,3
809,0,Travel_Frequently,3,5,4,18430,16225,No,13,3,2,4,2
811,1,Travel_Rarely,4,1,1,1601,3445,Yes,21,4,3,2,3
812,0,Non-Travel,2,1,2,2694,26551,No,11,3,3,4,3
813,0,Travel_Rarely,3,2,3,3149,21821,No,20,4,2,3,3
815,0,Travel_Rarely,3,4,3,17639,6881,No,16,3,4,3,3
816,1,Travel_Rarely,2,1,1,2319,6689,Yes,11,3,4,1,3
817,0,Travel_Rarely,3,3,3,11691,25995,No,11,3,4,3,4
819,1,Travel_Rarely,3,2,1,5324,26507,No,15,3,3,3,3
820,0,Travel_Rarely,3,4,4,16752,12982,Yes,11,3,3,3,2
823,0,Travel_Rarely,3,2,2,5228,23361,No,15,3,1,2,3
824,0,Travel_Rarely,4,1,3,2700,23779,No,24,4,3,3,3
825,1,Travel_Rarely,3,5,2,19246,25761,Yes,12,3,4,2,3
826,0,Travel_Rarely,4,1,3,2506,13301,No,13,3,3,0,3
827,0,Travel_Rarely,2,2,4,6062,4051,Yes,13,3,4,4,3
828,1,Travel_Rarely,3,1,3,4382,16374,No,17,3,4,3,2
829,0,Travel_Rarely,3,1,2,2143,25527,No,13,3,2,2,3
830,0,Travel_Rarely,2,2,3,6162,19124,No,12,3,3,3,3
832,0,Travel_Frequently,2,2,3,5094,11983,No,14,3,4,6,3
833,0,Travel_Rarely,2,2,4,6877,20234,Yes,24,4,2,4,2
834,0,Travel_Rarely,2,1,3,2274,6153,No,14,3,4,3,3
836,0,Travel_Rarely,3,2,2,4434,11806,No,13,3,4,3,2
837,0,Travel_Frequently,2,2,1,6288,4284,No,15,3,3,3,2
838,0,Travel_Frequently,2,1,4,2553,8306,No,16,3,3,3,3
840,1,Travel_Rarely,3,3,4,7654,5860,No,18,3,1,3,4
842,1,Travel_Rarely,3,2,4,5160,21519,No,16,3,3,3,2
843,0,Travel_Rarely,3,4,1,17159,5200,No,24,4,3,3,3
844,0,Travel_Rarely,2,3,4,12808,8842,Yes,16,3,2,3,3
845,0,Travel_Rarely,3,3,3,10221,18869,No,21,4,2,3,4
846,0,Travel_Rarely,3,2,2,4779,3698,Yes,20,4,1,2,3
847,0,Travel_Rarely,3,1,4,3737,2243,No,19,3,3,1,1
848,1,Travel_Frequently,2,1,3,2366,20898,Yes,14,3,1,2,3
850,0,Non-Travel,3,1,4,1706,16571,No,11,3,3,6,2
851,0,Travel_Rarely,3,4,3,16307,5594,No,14,3,3,2,2
852,0,Travel_Rarely,3,2,2,5933,5197,No,12,3,4,2,2
854,0,Travel_Rarely,4,1,1,3424,21632,No,13,3,3,3,2
855,0,Travel_Rarely,4,2,1,4037,21816,No,22,4,1,5,3
856,0,Travel_Rarely,2,1,1,2559,17852,No,11,3,4,3,2
857,0,Travel_Rarely,3,2,4,6201,2823,Yes,14,3,4,1,2
859,0,Travel_Rarely,3,2,4,4403,9250,No,11,3,3,3,2
861,0,Travel_Frequently,2,1,4,3761,2373,No,12,3,2,3,2
862,0,Travel_Rarely,2,3,4,10934,20715,Yes,18,3,4,3,3
864,0,Travel_Rarely,3,3,1,10761,19239,Yes,12,3,3,2,3
865,0,Travel_Rarely,4,2,3,5175,22162,No,12,3,3,3,2
867,0,Travel_Frequently,2,4,4,13826,19028,No,22,4,3,3,3
868,0,Travel_Rarely,2,2,3,6334,24558,No,19,3,4,2,3
869,0,Travel_Rarely,2,1,4,4936,23965,No,13,3,4,6,3
872,0,Travel_Rarely,2,2,4,4775,19146,No,22,4,1,2,1
874,0,Travel_Rarely,4,1,4,2818,5044,Yes,24,4,3,2,2
875,0,Travel_Frequently,3,1,4,2515,9068,Yes,14,3,4,2,3
878,0,Travel_Rarely,2,1,1,2342,8635,No,21,4,3,3,3
879,0,Travel_Rarely,3,2,1,4194,14363,Yes,18,3,4,3,3
880,0,Travel_Rarely,2,3,3,10685,23457,Yes,20,4,2,2,3
881,1,Travel_Frequently,3,1,2,2022,16612,Yes,19,3,1,3,2
882,0,Non-Travel,3,1,4,2314,9148,No,12,3,2,2,3
885,0,Travel_Rarely,2,2,1,4256,18154,No,12,3,1,1,4
887,0,Travel_Rarely,3,1,1,3580,10554,No,16,3,2,2,3
888,0,Non-Travel,2,1,4,3162,10778,No,17,3,4,2,2
889,0,Travel_Frequently,3,2,2,6524,8891,No,14,3,4,3,3
893,0,Travel_Rarely,2,1,2,2899,12102,No,19,3,4,3,3
894,0,Travel_Rarely,4,2,4,5231,23726,Yes,13,3,2,1,2
895,0,Travel_Rarely,3,1,4,2356,14871,Yes,19,3,2,2,3
896,1,Travel_Rarely,2,1,3,2800,23522,Yes,19,3,3,3,3
897,0,Travel_Rarely,3,4,4,11836,22789,No,14,3,3,3,3
899,0,Travel_Rarely,2,3,2,10903,9129,No,16,3,1,2,3
900,0,Travel_Frequently,3,1,4,2973,21222,No,15,3,2,3,3
901,0,Travel_Rarely,3,4,4,14275,20206,No,18,3,3,0,3
902,0,Travel_Frequently,3,2,4,5562,21782,No,13,3,2,2,2
903,0,Travel_Rarely,3,2,4,4537,17783,Yes,22,4,1,2,3
904,0,Non-Travel,3,3,2,7642,4814,Yes,13,3,4,2,3
905,0,Non-Travel,3,4,1,17924,4544,No,11,3,4,3,3
909,0,Travel_Rarely,2,2,4,5204,7790,No,11,3,3,2,3
910,0,Travel_Rarely,3,1,2,2277,22650,Yes,11,3,3,4,4
911,1,Travel_Rarely,3,1,4,2795,18016,Yes,24,4,3,2,1
912,0,Travel_Rarely,2,1,4,2532,6054,No,14,3,3,5,3
913,0,Travel_Rarely,3,1,1,2559,7508,Yes,13,3,4,0,3
916,0,Travel_Rarely,3,2,4,4908,24252,No,14,3,2,3,3
918,1,Travel_Frequently,2,1,4,2380,13384,Yes,14,3,4,3,2
920,0,Travel_Rarely,3,2,2,4765,23814,No,21,4,3,2,4
922,1,Travel_Rarely,2,1,3,2044,22052,No,13,3,4,3,2
923,1,Travel_Rarely,3,1,4,2693,8870,No,19,3,1,3,2
924,0,Travel_Rarely,3,2,4,6586,4821,Yes,17,3,1,2,2
925,0,Travel_Rarely,2,1,4,3294,13137,Yes,18,3,1,3,2
926,1,Travel_Rarely,3,2,3,4171,10022,Yes,19,3,1,3,4
927,1,Travel_Rarely,1,1,4,2778,17725,Yes,13,3,3,1,2
930,0,Travel_Rarely,3,1,3,2377,9834,No,18,3,2,2,3
932,1,Travel_Rarely,3,1,1,2404,4303,Yes,21,4,4,2,1
933,0,Travel_Rarely,3,1,3,2318,17808,No,19,3,3,2,3
934,0,Travel_Rarely,3,1,2,2008,6896,No,14,3,2,3,3
936,0,Travel_Rarely,2,2,3,6244,7824,No,17,3,1,6,3
939,0,Travel_Rarely,2,1,1,2799,3339,Yes,11,3,2,1,3
940,0,Travel_Rarely,2,3,2,10552,9255,Yes,13,3,4,3,3
941,0,Travel_Rarely,2,1,3,2329,11737,No,15,3,2,2,4
942,0,Travel_Rarely,3,2,4,4014,19170,Yes,25,4,4,2,1
944,0,Travel_Rarely,3,3,2,7403,22477,No,11,3,3,3,2
945,0,Travel_Rarely,3,1,3,2259,5543,No,17,3,1,2,2
947,0,Non-Travel,3,2,3,6932,24406,No,13,3,4,2,2
949,0,Travel_Rarely,3,1,4,4678,23293,No,18,3,3,6,3
950,0,Travel_Rarely,3,3,1,13582,16292,No,13,3,2,3,3
951,0,Non-Travel,2,1,2,2332,3974,No,20,4,3,3,3
952,1,Travel_Rarely,2,1,2,2413,18798,Yes,18,3,3,2,3
954,0,Travel_Rarely,2,3,2,9705,20652,No,12,3,2,2,2
956,0,Travel_Frequently,2,2,1,4294,11148,No,12,3,2,2,3
957,0,Travel_Rarely,3,1,1,4721,3119,Yes,13,3,3,3,3
958,0,Travel_Rarely,3,1,3,2519,12287,No,21,4,3,6,3
959,1,Travel_Rarely,2,1,2,2121,9947,Yes,13,3,2,3,4
960,1,Travel_Rarely,3,1,1,2973,13008,No,19,3,2,2,3
961,0,Travel_Rarely,3,2,4,5855,17369,Yes,11,3,3,2,1
964,0,Travel_Frequently,3,1,2,3617,25063,Yes,14,3,4,2,3
966,0,Travel_Rarely,3,2,1,6725,13554,No,12,3,3,2,4
967,1,Travel_Rarely,2,3,4,10325,5518,Yes,11,3,1,6,3
969,0,Travel_Rarely,2,2,4,6949,12291,No,14,3,1,3,3
970,1,Travel_Rarely,2,3,3,10609,14922,No,11,3,3,2,1
972,0,Non-Travel,3,2,2,4447,23163,No,12,3,2,5,2
974,0,Travel_Frequently,3,1,4,2157,18203,No,15,3,2,5,3
975,0,Travel_Rarely,3,2,3,4601,6179,No,16,3,2,3,3
976,0,Travel_Rarely,3,4,4,17099,13829,No,15,3,2,2,2
977,1,Travel_Rarely,3,1,3,2479,26227,No,24,4,1,4,3
981,0,Travel_Rarely,3,4,3,14852,13938,No,13,3,3,3,4
982,0,Travel_Rarely,3,3,3,7264,9977,No,11,3,1,2,4
983,0,Non-Travel,3,2,4,5666,19899,Yes,13,3,2,1,3
984,0,Travel_Rarely,3,3,4,7823,6812,No,13,3,2,2,3
985,0,Travel_Rarely,4,3,3,7880,2560,No,18,3,4,3,3
986,1,Non-Travel,4,4,2,13194,17071,Yes,16,3,4,2,2
987,0,Travel_Frequently,4,2,3,5067,6759,Yes,19,3,3,3,4
990,0,Non-Travel,3,2,4,5079,25952,No,13,3,4,3,3
991,1,Non-Travel,2,1,1,2321,10322,Yes,22,4,1,0,3
992,0,Non-Travel,3,4,3,17444,20489,No,11,3,4,2,3
994,1,Travel_Rarely,2,1,1,2404,11479,Yes,20,4,3,5,3
995,0,Travel_Rarely,3,1,4,3452,17241,No,18,3,1,4,3
996,0,Travel_Rarely,3,1,4,2270,11005,No,14,3,4,2,3
997,0,Travel_Rarely,3,4,4,17399,6615,No,22,4,3,1,2
998,0,Travel_Frequently,4,2,2,5488,20161,Yes,13,3,1,2,3
999,0,Travel_Frequently,3,5,3,19419,3735,No,17,3,2,2,4
1001,0,Travel_Rarely,3,1,2,2811,12086,No,14,3,2,2,3
1002,0,Non-Travel,3,2,1,3633,14039,Yes,15,3,3,2,3
1003,0,Travel_Rarely,3,2,4,4163,8571,Yes,17,3,3,0,3
1004,1,Travel_Rarely,3,1,3,2132,11539,Yes,11,3,2,2,3
1005,0,Travel_Rarely,3,4,3,13973,4161,Yes,18,3,4,2,3
1006,0,Travel_Frequently,3,1,3,2684,12127,No,17,3,2,0,2
1007,0,Travel_Rarely,3,3,3,10845,24208,No,13,3,2,3,3
1009,0,Travel_Rarely,2,2,3,4377,24117,No,15,3,2,6,3
1010,1,Travel_Rarely,2,1,2,3743,10074,Yes,24,4,4,2,1
1011,0,Travel_Frequently,3,2,1,4148,11275,No,12,3,3,1,3
1012,0,Non-Travel,3,1,4,1051,13493,No,15,3,4,2,3
1013,0,Travel_Rarely,3,3,3,10739,13943,No,11,3,3,2,3
1014,0,Travel_Rarely,3,3,3,10388,6975,Yes,11,3,3,3,2
1015,0,Travel_Rarely,4,3,1,11416,17802,Yes,12,3,3,4,2
1016,1,Travel_Rarely,2,1,1,2600,18275,Yes,15,3,1,2,3
1017,1,Travel_Frequently,3,1,2,2422,25725,No,17,3,1,3,3
1018,0,Travel_Rarely,4,2,4,5472,3334,No,12,3,2,2,3
1019,0,Travel_Rarely,1,1,1,2451,6881,No,15,3,1,3,2
1022,0,Travel_Rarely,2,2,3,4240,13119,No,13,3,4,0,3
1024,0,Travel_Rarely,2,3,3,10999,22245,No,14,3,2,3,3
1025,0,Travel_Rarely,3,2,3,5003,23371,No,14,3,2,6,3
1026,0,Travel_Rarely,2,4,4,12742,7060,No,16,3,3,3,3
1027,0,Travel_Rarely,3,2,4,4227,4658,No,18,3,2,2,3
1028,0,Travel_Rarely,3,1,4,3917,9541,No,20,4,1,4,2
1029,0,Travel_Rarely,3,5,3,18303,7770,No,13,3,2,3,4
1030,0,Travel_Rarely,3,1,4,2380,20165,No,18,3,2,5,3
1032,0,Travel_Rarely,2,4,4,13726,21829,Yes,13,3,1,4,3
1033,1,Travel_Rarely,1,2,2,4777,14382,No,15,3,1,2,1
1034,0,Travel_Frequently,3,2,2,6385,12992,Yes,14,3,4,3,3
1035,0,Non-Travel,1,5,3,19973,20284,No,22,4,2,3,3
1036,0,Travel_Rarely,3,2,4,6861,4981,Yes,12,3,3,1,3
1037,1,Non-Travel,1,2,1,4969,21813,No,18,3,4,6,3
1038,1,Travel_Rarely,1,5,4,19845,25846,No,15,3,4,3,3
1039,0,Travel_Rarely,4,4,4,13320,11737,Yes,18,3,3,2,3
1040,0,Non-Travel,3,2,3,6347,24920,No,12,3,1,3,3
1042,1,Travel_Rarely,4,1,1,2743,8269,No,16,3,3,1,3
1043,0,Travel_Frequently,3,3,1,10880,5083,Yes,13,3,3,2,3
1044,0,Non-Travel,2,1,4,2342,21437,No,19,3,4,2,2
1045,0,Travel_Rarely,3,4,4,17650,5404,No,13,3,2,4,4
1046,0,Non-Travel,3,1,3,4025,11135,No,12,3,2,2,3
1047,0,Travel_Rarely,4,2,4,9725,12278,No,11,3,4,2,2
1048,0,Travel_Rarely,3,3,4,11904,11038,Yes,14,3,3,1,1
1049,0,Travel_Rarely,3,1,2,2177,8318,No,16,3,1,3,3
1050,0,Travel_Frequently,2,3,2,7525,23537,No,12,3,1,2,3
1052,1,Travel_Rarely,3,2,3,4834,7858,No,14,3,2,3,2
1053,1,Travel_Frequently,3,1,1,2042,15346,Yes,14,3,2,2,3
1055,0,Travel_Rarely,3,1,3,2220,18410,Yes,19,3,4,2,3
1056,0,Travel_Rarely,3,1,2,1052,23384,No,22,4,2,5,3
1060,0,Travel_Frequently,3,1,3,2821,2997,No,16,3,1,2,3
1061,0,Travel_Rarely,3,5,3,19237,12853,Yes,11,3,4,2,2
1062,0,Travel_Rarely,3,2,2,4107,13848,No,15,3,1,3,2
1066,0,Travel_Rarely,3,2,1,8396,22217,No,14,3,2,3,2
1068,0,Travel_Frequently,2,1,3,2007,25265,No,13,3,3,5,3
1069,0,Travel_Rarely,3,5,4,19627,21445,No,17,3,4,0,3
1070,0,Travel_Rarely,2,3,3,10686,8392,No,11,3,2,4,3
1071,0,Travel_Frequently,3,1,3,2942,12154,No,19,3,2,4,3
1073,0,Travel_Rarely,2,3,4,8858,15669,No,11,3,2,2,2
1074,0,Non-Travel,2,4,1,16756,17323,No,15,3,2,3,4
1076,0,Travel_Rarely,2,3,4,10798,5268,No,13,3,3,5,3
1077,1,Travel_Frequently,3,1,4,2323,17205,Yes,14,3,2,3,3
1079,1,Travel_Rarely,2,1,1,1416,17258,No,13,3,1,6,2
1080,0,Travel_Rarely,2,2,1,4615,21029,Yes,23,4,1,2,3
1081,1,Travel_Rarely,3,1,3,2461,10332,Yes,12,3,3,2,4
1082,1,Non-Travel,2,3,1,8722,12355,No,12,3,1,2,2
1083,0,Travel_Rarely,2,1,1,3955,11141,No,16,3,1,2,3
1084,0,Travel_Rarely,3,2,1,9957,9096,No,15,3,3,1,2
1085,0,Travel_Rarely,4,1,3,3376,18863,No,13,3,3,3,3
1088,0,Travel_Rarely,2,3,3,8823,24608,No,18,3,1,4,2
1092,0,Travel_Rarely,3,3,4,10322,26542,No,20,4,4,6,3
1094,0,Non-Travel,1,1,3,4621,5869,No,19,3,4,4,3
1096,0,Travel_Frequently,3,3,2,10976,15813,No,18,3,2,4,3
1097,0,Travel_Rarely,3,2,3,3660,7909,No,13,3,4,4,4
1098,1,Travel_Rarely,2,3,1,10482,2326,No,14,3,4,1,3
1099,0,Travel_Rarely,2,3,4,7119,21214,No,15,3,3,2,3
1100,1,Travel_Rarely,3,3,1,9582,10333,Yes,22,4,1,2,3
1101,1,Travel_Frequently,2,2,3,4508,3129,No,22,4,2,4,3
1102,0,Travel_Rarely,3,1,3,2207,22482,No,16,3,4,5,2
1103,0,Travel_Frequently,3,2,4,7756,22266,No,17,3,3,1,2
1105,0,Travel_Rarely,2,2,4,6694,24223,Yes,14,3,3,5,3
1106,1,Travel_Rarely,3,1,4,3691,4605,Yes,15,3,2,3,4
1107,1,Travel_Rarely,3,1,3,2377,19373,No,20,4,3,0,2
1108,1,Travel_Rarely,2,1,2,2313,2993,Yes,20,4,2,0,3
1109,0,Travel_Rarely,3,4,1,17665,14399,No,17,3,4,3,3
1111,1,Travel_Frequently,2,1,2,2596,7160,No,15,3,1,2,3
1113,1,Travel_Frequently,3,2,3,4728,17251,Yes,14,3,4,4,3
1114,0,Travel_Frequently,3,2,2,4302,13401,No,17,3,3,3,3
1115,0,Non-Travel,2,1,4,2979,22478,No,17,3,4,2,3
1116,0,Non-Travel,4,4,4,16885,16154,No,22,4,3,3,2
1117,0,Non-Travel,2,2,3,5593,17970,No,13,3,4,2,3
1118,0,Travel_Rarely,3,3,2,10445,15322,No,19,3,4,4,3
1119,0,Travel_Rarely,2,3,3,8740,5569,Yes,14,3,2,2,3
1120,0,Travel_Rarely,3,1,4,2514,26968,No,22,4,1,1,3
1121,0,Travel_Rarely,3,3,2,7655,8039,No,17,3,2,3,2
1124,0,Travel_Rarely,3,4,3,17465,15596,No,12,3,4,3,3
1125,0,Travel_Rarely,3,3,2,7351,20619,No,16,3,3,2,3
1126,0,Travel_Frequently,3,3,1,10820,11535,No,11,3,3,1,3
1127,1,Travel_Frequently,3,4,4,12169,13547,No,11,3,4,4,3
1128,0,Travel_Rarely,2,5,3,19626,17544,No,14,3,1,2,4
1131,0,Travel_Rarely,2,1,2,2070,25326,Yes,11,3,3,6,4
1132,0,Non-Travel,3,2,2,6782,8770,No,15,3,3,2,2
1133,0,Non-Travel,3,2,4,7779,23238,No,20,4,1,0,3
1135,0,Travel_Frequently,4,1,4,2791,21981,No,12,3,1,4,3
1136,0,Travel_Rarely,2,1,2,3201,19911,No,17,3,1,2,1
1137,0,Travel_Frequently,3,2,4,4968,18500,No,11,3,4,3,3
1138,0,Travel_Rarely,2,4,2,13120,11879,No,17,3,2,3,3
1140,0,Travel_Frequently,3,2,3,4033,15834,No,11,3,4,3,2
1143,0,Travel_Frequently,3,1,2,3291,17940,No,14,3,4,2,2
1148,0,Travel_Rarely,1,2,4,4272,9558,No,19,3,1,3,3
1150,0,Travel_Rarely,2,2,4,5056,17689,Yes,15,3,3,2,2
1152,0,Travel_Rarely,4,1,3,2844,6004,No,13,3,4,2,4
1154,0,Travel_Frequently,2,1,3,2703,22088,Yes,14,3,4,2,3
1156,1,Non-Travel,3,1,3,1904,13556,No,12,3,4,0,3
1157,1,Travel_Rarely,3,2,1,8224,18385,Yes,17,3,1,3,3
1158,0,Travel_Rarely,3,1,4,4766,9051,Yes,11,3,1,4,3
1160,1,Travel_Frequently,3,1,3,2610,6233,No,12,3,3,5,2
1161,0,Travel_Rarely,2,2,4,5731,17171,No,13,3,3,2,3
1162,0,Travel_Rarely,2,1,3,2539,7950,No,13,3,3,0,3
1163,0,Travel_Rarely,3,2,3,5714,5829,No,20,4,1,3,2
1164,0,Travel_Rarely,3,1,3,4323,7108,No,17,3,2,2,1
1165,1,Travel_Rarely,2,3,1,7336,11162,No,13,3,1,3,1
1166,0,Travel_Frequently,3,3,3,13499,13782,No,17,3,3,3,2
1167,1,Travel_Frequently,3,4,1,13758,2447,Yes,12,3,2,2,2
1171,0,Travel_Rarely,3,2,1,5155,2253,No,13,3,4,3,4
1172,0,Travel_Rarely,2,1,3,2258,16340,No,12,3,2,2,3
1173,0,Travel_Rarely,3,1,2,3597,6409,No,22,4,4,2,3
1175,1,Travel_Rarely,3,1,4,2515,22955,Yes,11,3,4,4,2
1177,0,Travel_Rarely,4,1,4,4420,13421,No,22,4,2,2,3
1179,0,Travel_Rarely,2,2,3,6578,2706,No,18,3,1,3,3
1180,0,Travel_Frequently,2,2,4,4422,21203,Yes,13,3,4,3,1
1182,0,Travel_Rarely,2,3,2,10274,19588,No,18,3,2,2,4
1184,0,Travel_Frequently,2,2,1,5343,25755,No,20,4,3,3,3
1185,0,Travel_Frequently,2,1,4,2376,26537,No,13,3,2,2,4
1188,1,Travel_Rarely,1,2,3,5346,9489,No,13,3,2,2,2
1190,0,Non-Travel,3,1,1,2827,14947,No,12,3,3,3,3
1191,0,Travel_Rarely,3,5,1,19943,18575,No,13,3,4,2,3
1192,0,Travel_Rarely,3,1,4,3131,26342,No,13,3,1,5,3
1193,0,Travel_Rarely,3,1,1,2552,7172,No,25,4,3,4,3
1195,0,Travel_Rarely,3,1,3,4477,20100,Yes,19,3,3,2,2
1196,0,Travel_Rarely,2,2,4,6474,9961,No,13,3,2,2,2
1198,0,Travel_Rarely,2,1,3,3033,12828,No,12,3,1,2,2
1200,1,Travel_Rarely,3,1,3,2936,10826,Yes,11,3,3,4,3
1201,0,Travel_Rarely,3,5,3,18606,18640,No,18,3,2,6,3
1202,0,Travel_Rarely,1,1,4,2168,26933,Yes,18,3,1,2,2
1203,1,Travel_Frequently,2,1,4,2853,4223,Yes,11,3,2,5,3
1204,0,Travel_Rarely,3,4,1,17048,24097,No,23,4,1,2,3
1206,0,Non-Travel,1,1,3,2290,4279,No,13,3,4,3,3
1207,0,Travel_Rarely,3,1,3,3600,8429,No,13,3,4,2,3
1210,1,Non-Travel,2,1,1,2107,20293,No,17,3,1,2,1
1211,0,Travel_Rarely,3,2,1,4115,13192,No,19,3,3,3,3
1212,0,Travel_Frequently,3,2,2,4327,25440,No,12,3,4,2,3
1215,0,Travel_Frequently,3,4,1,17856,9490,No,22,4,3,3,3
1216,0,Travel_Rarely,2,1,1,3196,12449,No,12,3,3,2,3
1217,0,Travel_Rarely,3,5,2,19081,10849,No,11,3,1,2,3
1218,0,Travel_Rarely,3,2,1,8966,21026,Yes,15,3,4,2,3
1219,1,Travel_Rarely,3,1,2,2210,3372,No,13,3,1,3,1
1220,0,Travel_Frequently,3,2,3,4539,4905,No,12,3,1,3,2
1221,0,Travel_Rarely,1,1,3,2741,6865,No,14,3,3,4,3
1224,0,Travel_Rarely,3,2,3,3491,11309,No,13,3,1,4,2
1225,0,Travel_Rarely,3,2,4,4541,7744,No,25,4,2,3,3
1226,0,Travel_Rarely,4,1,4,2678,5050,No,17,3,4,2,3
1228,0,Travel_Rarely,3,2,4,7379,17433,No,11,3,3,3,2
1231,0,Non-Travel,4,2,1,6272,12858,No,16,3,1,3,4
1233,0,Travel_Rarely,4,2,4,5220,10893,Yes,18,3,2,3,3
1234,0,Travel_Frequently,2,1,2,2743,7331,No,20,4,3,2,3
1235,0,Travel_Frequently,3,2,3,4998,2338,Yes,14,3,4,2,3
1237,0,Travel_Rarely,1,3,1,10252,4235,Yes,21,4,3,2,3
1238,0,Travel_Rarely,3,1,4,2781,6311,No,13,3,2,5,3
1239,0,Travel_Rarely,2,2,2,6852,11591,No,12,3,2,2,4
1240,0,Travel_Rarely,3,2,4,4950,20623,No,14,3,2,4,3
1241,0,Travel_Rarely,3,1,2,3579,9369,Yes,21,4,1,2,3
1242,0,Travel_Frequently,3,3,1,13191,23281,Yes,17,3,3,6,3
1243,0,Non-Travel,2,3,4,10377,13755,Yes,11,3,2,6,2
1244,0,Travel_Rarely,3,1,1,2235,14377,Yes,14,3,4,3,2
1245,0,Travel_Frequently,3,3,3,10502,9659,No,17,3,1,2,1
1246,0,Travel_Rarely,4,1,4,2011,19982,No,13,3,4,5,3
1248,1,Non-Travel,2,1,2,1859,6148,Yes,25,4,2,2,4
1249,0,Travel_Rarely,3,1,4,3760,5598,No,15,3,1,5,3
1250,0,Travel_Rarely,3,4,4,17779,23474,No,14,3,1,2,3
1251,0,Travel_Rarely,3,2,1,6833,17089,Yes,12,3,4,2,2
1252,0,Travel_Rarely,2,2,1,6812,17198,No,19,3,2,2,3
1254,0,Travel_Rarely,2,2,4,5171,16490,No,17,3,4,2,3
1255,0,Travel_Rarely,1,5,4,19740,18625,No,14,3,2,2,3
1256,0,Travel_Rarely,2,5,3,18711,12124,No,13,3,3,2,4
1257,0,Travel_Frequently,3,1,2,3692,9256,No,12,3,3,2,2
1258,0,Travel_Rarely,4,1,2,2559,16620,No,11,3,3,4,2
1259,0,Travel_Rarely,3,1,3,2517,3208,No,11,3,2,2,3
1260,0,Travel_Rarely,3,2,4,6623,4204,Yes,11,3,2,2,3
1263,0,Travel_Rarely,2,5,4,18265,8733,No,12,3,3,3,4
1264,0,Travel_Rarely,2,4,4,16124,3423,No,14,3,2,2,2
1265,0,Travel_Rarely,4,1,3,2585,21643,No,17,3,4,5,2
1267,0,Travel_Rarely,3,5,2,18213,8751,No,11,3,3,5,3
1268,0,Travel_Rarely,4,3,3,8380,21708,Yes,14,3,4,3,3
1269,0,Travel_Rarely,4,1,4,2994,21221,Yes,12,3,4,2,3
1270,0,Travel_Rarely,3,1,3,1223,16901,No,22,4,4,2,3
1273,1,Travel_Frequently,1,1,4,1118,8040,Yes,14,3,4,4,3
1275,0,Travel_Rarely,3,1,4,2875,9973,Yes,20,4,2,2,2
1277,1,Travel_Rarely,1,5,2,18824,2493,Yes,16,3,1,2,3
1278,0,Non-Travel,2,4,2,13577,25592,Yes,15,3,4,3,3
1279,1,Travel_Frequently,2,1,3,2625,25308,No,20,4,3,2,1
1280,0,Travel_Rarely,2,5,2,18789,9946,No,14,3,3,2,3
1281,0,Travel_Rarely,3,2,1,4538,6039,Yes,12,3,4,3,3
1282,0,Travel_Frequently,3,5,2,19847,19196,Yes,24,4,1,5,2
1283,0,Travel_Rarely,3,3,4,10512,20002,No,12,3,4,6,2
1285,0,Travel_Frequently,3,2,2,4444,22534,No,13,3,3,2,4
1286,0,Travel_Frequently,3,1,3,2154,6842,Yes,11,3,3,2,2
1288,0,Travel_Rarely,4,5,1,19190,17477,No,14,3,4,4,2
1289,0,Travel_Frequently,2,2,2,4490,21833,No,11,3,4,5,4
1291,0,Travel_Rarely,3,1,3,3506,6020,Yes,14,3,4,3,3
1292,0,Travel_Rarely,4,2,2,2372,5628,Yes,16,3,4,2,3
1293,0,Travel_Rarely,2,3,4,10231,20364,No,14,3,4,3,4
1294,0,Travel_Rarely,3,2,2,5410,2323,Yes,11,3,4,2,3
1295,1,Travel_Rarely,3,3,4,7978,14075,No,11,3,4,2,3
1296,0,Travel_Frequently,2,1,4,3867,14222,Yes,12,3,2,2,3
1297,0,Travel_Frequently,2,1,3,2838,4257,No,14,3,2,6,2
1298,0,Non-Travel,3,2,3,4695,12858,Yes,18,3,3,3,3
1299,1,Travel_Rarely,3,1,3,3339,17285,Yes,13,3,1,2,3
1301,0,Travel_Rarely,3,1,1,2080,4732,No,11,3,2,2,2
1303,0,Travel_Rarely,3,1,2,2096,18830,No,18,3,4,3,2
1304,0,Travel_Rarely,4,2,4,6209,11693,No,15,3,3,4,4
1306,0,Travel_Frequently,3,5,2,18061,13035,No,22,4,3,4,3
1307,0,Travel_Rarely,2,4,2,17123,17334,Yes,13,3,4,4,3
1308,0,Travel_Rarely,3,1,3,2372,26076,No,12,3,4,3,3
1309,1,Travel_Rarely,3,2,3,4883,22845,No,18,3,1,3,3
1310,1,Travel_Rarely,3,1,1,3904,22154,No,13,3,1,2,3
1311,0,Travel_Rarely,2,2,4,4627,23631,No,12,3,1,6,3
1312,0,Travel_Rarely,3,3,3,7094,5747,No,12,3,1,0,3
1314,0,Travel_Rarely,3,1,1,3423,22957,No,12,3,3,3,4
1315,0,Non-Travel,1,2,4,6674,16392,No,11,3,1,6,3
1317,0,Travel_Rarely,3,4,1,16880,22422,Yes,11,3,2,2,3
1318,1,Travel_Rarely,2,3,2,9094,17235,Yes,12,3,3,2,3
1319,1,Travel_Rarely,3,3,2,8446,21534,Yes,19,3,3,2,2
1321,0,Travel_Rarely,3,3,1,11916,25927,Yes,23,4,4,2,3
1322,0,Travel_Rarely,3,2,3,4534,13352,No,11,3,1,6,3
1324,0,Non-Travel,3,3,3,9852,8935,Yes,19,3,1,5,2
1329,0,Non-Travel,1,2,2,6151,22074,No,13,3,1,4,3
1331,1,Travel_Frequently,3,1,2,2302,8319,Yes,11,3,1,2,4
1333,1,Travel_Rarely,3,1,1,2362,14669,No,12,3,3,4,4
1334,0,Non-Travel,3,4,3,17861,26582,Yes,13,3,4,3,2
1336,0,Travel_Rarely,1,5,3,19187,6992,No,14,3,4,5,3
1338,0,Travel_Rarely,3,5,2,19717,4022,No,14,3,1,4,3
1340,0,Non-Travel,3,1,3,3544,8532,No,16,3,2,0,3
1344,0,Travel_Rarely,3,3,4,8500,5494,No,11,3,4,0,2
1346,0,Travel_Rarely,3,2,4,4661,22455,No,13,3,3,4,3
1349,0,Travel_Frequently,3,2,1,4103,4297,No,17,3,4,2,3
1350,0,Travel_Frequently,3,2,3,4249,2690,Yes,11,3,2,3,3
1352,0,Travel_Rarely,3,4,2,14026,17588,Yes,11,3,2,2,3
1355,0,Travel_Rarely,3,2,1,6893,19461,No,15,3,4,3,3
1356,0,Travel_Rarely,3,2,1,6125,23553,No,12,3,4,6,4
1358,0,Travel_Rarely,3,1,4,3669,9075,No,11,3,3,6,2
1360,1,Travel_Rarely,2,3,1,10008,12023,Yes,14,3,4,0,2
1361,0,Travel_Rarely,3,1,2,2387,6762,No,22,4,3,3,3
1362,0,Travel_Frequently,4,2,1,4639,2261,No,16,3,4,2,2
1363,0,Travel_Rarely,3,3,4,7898,18706,No,11,3,3,2,3
1364,0,Travel_Rarely,4,1,4,2534,6527,No,14,3,2,4,3
1367,0,Travel_Rarely,2,4,2,13142,24439,No,16,3,2,1,2
1368,0,Non-Travel,3,1,4,1611,19305,No,15,3,3,5,4
1369,0,Travel_Rarely,2,2,4,5363,10846,No,12,3,2,0,3
1371,0,Travel_Frequently,1,2,4,5071,20392,No,20,4,2,3,3
1372,1,Travel_Rarely,4,4,3,13695,9277,Yes,17,3,3,2,2
1373,0,Travel_Rarely,3,4,2,13402,18235,Yes,12,3,1,0,3
1374,0,Non-Travel,2,1,3,2029,15891,No,20,4,3,2,3
1375,0,Travel_Rarely,4,2,3,6377,13888,No,20,4,2,0,3
1377,0,Travel_Rarely,3,2,3,5429,17491,No,13,3,1,1,3
1379,1,Travel_Frequently,2,1,4,2785,11882,No,14,3,3,3,4
1380,1,Travel_Frequently,3,2,3,4614,23288,Yes,18,3,3,0,2
1382,0,Travel_Frequently,4,1,3,2610,15748,No,11,3,4,2,3
1383,0,Travel_Rarely,3,2,4,6687,6163,No,11,3,4,2,4
1387,0,Travel_Rarely,2,2,1,4724,24232,No,11,3,3,0,3
1389,1,Travel_Rarely,3,2,3,6179,21057,Yes,15,3,4,3,2
1390,0,Travel_Rarely,2,2,4,6120,3567,Yes,12,3,4,2,4
1391,0,Travel_Frequently,3,3,2,10596,15395,No,11,3,2,5,3
1392,0,Travel_Frequently,3,2,4,5467,13953,Yes,14,3,1,4,2
1394,0,Travel_Rarely,3,1,3,2996,5182,Yes,15,3,4,2,3
1395,0,Travel_Frequently,3,2,4,9998,19293,No,13,3,1,2,4
1396,0,Travel_Rarely,3,2,2,4078,20497,Yes,13,3,1,3,2
1397,0,Non-Travel,3,3,3,10920,3449,No,21,4,2,2,3
1399,0,Travel_Rarely,4,2,3,6232,12477,No,11,3,2,3,2
1401,0,Travel_Frequently,4,4,3,13247,9731,Yes,11,3,2,3,2
1402,0,Travel_Rarely,2,2,3,4081,20003,Yes,14,3,1,3,1
1403,0,Travel_Rarely,2,2,4,5769,7100,Yes,11,3,4,3,3
1405,1,Travel_Rarely,3,1,3,2394,25681,Yes,13,3,4,2,3
1407,0,Travel_Rarely,2,1,4,3904,4050,No,12,3,4,2,3
1408,0,Travel_Rarely,3,4,1,16799,16616,No,14,3,3,5,3
1409,0,Travel_Rarely,3,1,1,2950,17363,No,13,3,3,2,1
1411,0,Travel_Rarely,3,1,3,3629,19106,No,18,3,1,6,3
1412,0,Travel_Frequently,3,3,4,9362,19944,No,11,3,3,2,3
1415,0,Travel_Rarely,3,1,4,3229,4910,No,11,3,2,2,2
1417,0,Travel_Rarely,4,1,1,3578,23577,No,12,3,4,2,3
1419,0,Travel_Rarely,2,3,1,7988,9769,No,13,3,1,3,2
1420,1,Travel_Frequently,2,2,1,4284,22710,No,20,4,1,2,3
1421,1,Travel_Frequently,3,3,4,7553,22930,Yes,12,3,1,1,3
1422,0,Travel_Rarely,3,4,4,17328,5652,No,19,3,4,3,2
1423,0,Travel_Rarely,3,5,1,19701,22456,Yes,21,4,3,3,3
1424,0,Travel_Rarely,4,4,4,14732,12414,No,13,3,4,4,4
1425,0,Travel_Rarely,3,2,2,9278,20763,Yes,16,3,4,3,3
1427,1,Travel_Frequently,1,1,3,1359,16154,No,12,3,2,3,3
1428,0,Travel_Rarely,3,2,1,4779,12761,No,14,3,2,3,3
1430,0,Travel_Rarely,3,4,2,16422,8847,No,11,3,3,3,4
1431,0,Travel_Frequently,3,1,1,2996,20284,No,14,3,3,2,3
1433,1,Travel_Rarely,2,1,2,1261,22262,No,12,3,3,3,4
1434,0,Travel_Rarely,3,1,1,2099,7679,No,14,3,2,3,4
1435,0,Travel_Rarely,2,2,4,5810,22604,No,16,3,3,2,2
1436,0,Travel_Rarely,2,2,1,5647,13494,No,13,3,1,3,2
1438,0,Travel_Rarely,3,1,4,3420,10205,No,12,3,3,2,2
1439,1,Travel_Rarely,2,1,1,4400,15182,No,12,3,1,2,3
1440,0,Non-Travel,4,1,3,3500,25470,No,14,3,1,2,1
1441,0,Travel_Rarely,3,1,1,2066,10494,No,22,4,4,3,4
1443,0,Travel_Rarely,3,4,3,17169,26703,No,19,3,2,2,4
1445,0,Travel_Rarely,3,2,3,4162,15211,Yes,12,3,3,3,3
1446,0,Travel_Rarely,3,2,4,9204,23343,No,12,3,3,3,2
1447,0,Travel_Rarely,2,1,2,3294,3708,No,17,3,1,2,2
1448,0,Travel_Rarely,4,1,3,2127,5561,Yes,12,3,1,5,2
1449,0,Non-Travel,3,2,3,3975,23099,No,11,3,3,2,4
1453,0,Travel_Rarely,3,3,4,10793,8386,No,18,3,1,5,3
1457,1,Travel_Rarely,3,3,4,10096,15986,No,11,3,1,1,4
1458,1,Non-Travel,2,1,1,3646,17181,Yes,23,4,2,2,4
1459,1,Travel_Frequently,4,3,2,7446,8931,No,11,3,1,2,3
1460,0,Travel_Rarely,1,3,1,10851,19863,Yes,18,3,2,2,3
1461,0,Travel_Rarely,4,1,2,2109,24609,No,18,3,4,3,3
1464,1,Travel_Frequently,3,1,4,3722,21081,Yes,13,3,3,2,1
1465,0,Travel_Rarely,3,3,4,9380,14720,Yes,18,3,4,4,4
1466,0,Travel_Rarely,3,2,1,5486,24795,No,11,3,1,3,3
1467,1,Travel_Rarely,3,1,3,2742,3072,No,15,3,4,0,3
1468,0,Non-Travel,2,3,2,13757,25178,No,11,3,3,5,3
1469,0,Travel_Rarely,3,2,1,8463,23490,No,18,3,4,4,3
1471,0,Non-Travel,2,1,3,3162,7973,No,14,3,4,5,3
1472,0,Travel_Rarely,4,4,2,16598,19764,No,12,3,2,2,2
1473,0,Travel_Rarely,3,2,3,6651,21534,No,14,3,2,0,2
1474,0,Travel_Rarely,3,1,3,2345,8045,No,14,3,3,3,4
1475,0,Travel_Rarely,3,1,2,3420,21158,No,13,3,3,3,2
1477,0,Travel_Frequently,3,2,1,4373,17456,No,14,3,1,2,3
1478,0,Travel_Rarely,1,2,1,4759,15891,No,18,3,4,2,3
1479,0,Travel_Rarely,3,2,3,5301,2939,No,15,3,3,2,2
1480,0,Travel_Frequently,3,1,4,3673,16458,No,13,3,3,3,3
1481,0,Travel_Frequently,3,2,3,4768,9282,No,12,3,3,4,2
1482,0,Non-Travel,3,1,3,1274,7152,No,13,3,2,2,2
1483,0,Travel_Rarely,4,2,3,4900,2721,No,24,4,1,2,2
1484,0,Travel_Rarely,3,3,2,10466,20948,No,14,3,2,3,3
1485,0,Travel_Frequently,3,4,1,17007,11929,No,14,3,4,3,2
1486,1,Travel_Frequently,3,1,3,2909,15747,No,15,3,4,3,4
1487,1,Travel_Frequently,3,2,2,5765,17485,No,11,3,1,4,1
1489,1,Travel_Rarely,2,2,2,4599,7815,Yes,23,4,3,2,4
1492,0,Travel_Rarely,3,1,3,2404,16192,No,13,3,1,3,3
1494,1,Travel_Frequently,3,1,1,3172,16998,Yes,11,3,3,2,2
1495,0,Non-Travel,3,1,2,2033,7103,No,13,3,3,2,3
1496,0,Travel_Frequently,3,3,3,10209,19719,Yes,18,3,2,2,2
1497,0,Travel_Rarely,2,2,3,8620,23757,No,14,3,3,3,3
1499,0,Travel_Rarely,3,1,3,2064,15428,No,21,4,1,3,4
1501,0,Travel_Rarely,3,2,3,4035,16143,Yes,16,3,2,2,3
1502,0,Travel_Rarely,2,1,2,3838,8192,No,11,3,4,5,3
1503,0,Travel_Rarely,3,2,3,4591,24200,Yes,17,3,3,4,2
1504,1,Travel_Frequently,2,1,1,2561,5355,No,11,3,3,2,2
1506,0,Travel_Rarely,2,1,3,1563,12530,No,14,3,4,2,1
1507,0,Travel_Frequently,3,2,1,4898,11827,No,14,3,4,5,3
1509,0,Travel_Rarely,2,2,1,4789,23070,No,25,4,1,3,3
1513,0,Travel_Frequently,3,1,2,3180,4668,No,13,3,3,3,3
1514,0,Travel_Rarely,1,2,2,6549,3173,No,14,3,2,2,2
1515,0,Travel_Rarely,3,2,3,6388,22049,Yes,17,3,1,6,3
1516,0,Travel_Rarely,3,3,4,11244,21072,No,25,4,2,5,4
1520,0,Travel_Frequently,3,4,4,16032,24456,No,20,4,1,2,3
1522,1,Travel_Rarely,2,1,1,2362,7568,No,13,3,3,2,1
1523,0,Travel_Rarely,3,4,1,16328,22074,No,13,3,3,1,4
1525,0,Travel_Rarely,3,3,2,8376,9150,No,18,3,4,3,3
1527,0,Travel_Rarely,3,4,2,16606,11380,No,12,3,4,2,4
1529,0,Travel_Rarely,2,3,2,8606,21195,No,19,3,4,3,1
1533,0,Travel_Rarely,3,2,3,2272,24812,No,14,3,2,2,3
1534,1,Travel_Rarely,3,1,1,2018,21831,No,14,3,2,3,1
1535,0,Travel_Rarely,2,3,3,7083,12288,Yes,14,3,4,3,3
1537,1,Travel_Frequently,3,1,3,4084,4156,No,12,3,1,2,1
1539,0,Travel_Frequently,1,4,4,14411,24450,Yes,13,3,4,2,3
1541,0,Travel_Rarely,3,1,3,2308,4944,Yes,25,4,2,4,3
1542,0,Travel_Rarely,2,1,2,4841,24052,No,14,3,2,3,3
1543,0,Travel_Rarely,3,2,4,4285,3031,No,17,3,1,2,3
1544,0,Travel_Rarely,1,2,1,9715,7288,No,13,3,3,3,3
1545,0,Travel_Rarely,2,2,2,4320,24152,No,13,3,4,2,3
1546,0,Travel_Rarely,3,1,4,2132,4585,No,20,4,4,3,3
1547,0,Travel_Frequently,3,3,4,10124,18611,Yes,14,3,3,3,1
1548,0,Travel_Rarely,3,2,1,5473,19345,No,12,3,4,5,4
1549,0,Travel_Rarely,3,2,3,5207,22949,Yes,12,3,2,3,3
1550,0,Travel_Rarely,3,4,4,16437,17381,Yes,21,4,4,2,3
1551,0,Travel_Rarely,2,1,1,2296,10036,No,14,3,2,3,3
1552,0,Non-Travel,3,2,4,4069,8841,Yes,18,3,3,2,3
1553,0,Travel_Rarely,3,3,2,7441,20933,No,12,3,1,4,3
1554,0,Travel_Rarely,2,1,3,2430,26204,No,23,4,1,5,3
1555,0,Travel_Rarely,2,2,2,5878,15624,No,12,3,1,2,3
1556,0,Travel_Rarely,3,1,4,2644,17001,Yes,21,4,4,3,2
1557,0,Travel_Rarely,3,2,3,6439,13693,No,14,3,3,2,3
1558,0,Travel_Rarely,4,1,3,2451,22376,No,18,3,1,2,2
1560,0,Travel_Rarely,3,2,1,6392,10589,No,13,3,4,6,1
1562,1,Travel_Rarely,2,2,1,9714,5323,No,11,3,4,4,3
1563,0,Travel_Frequently,3,2,3,6077,14814,No,11,3,3,2,3
1564,0,Travel_Rarely,2,1,1,2450,21731,No,19,3,2,3,3
1568,0,Travel_Rarely,3,3,2,9250,17799,No,12,3,2,3,3
1569,1,Travel_Rarely,3,1,1,2074,26619,Yes,12,3,4,2,3
1572,1,Travel_Rarely,2,3,4,10169,14618,No,16,3,2,4,3
1573,1,Travel_Rarely,3,2,2,4855,7653,No,11,3,1,2,3
1574,0,Non-Travel,3,2,1,4087,25174,No,14,3,2,3,2
1576,0,Travel_Rarely,3,1,1,2367,16530,No,12,3,4,3,2
1577,0,Travel_Rarely,3,1,4,2972,22061,No,13,3,3,4,1
1578,0,Travel_Rarely,2,5,4,19586,23037,No,21,4,3,3,3
1580,0,Travel_Rarely,3,2,4,5484,13008,No,17,3,2,3,2
1581,0,Travel_Rarely,3,1,4,2061,11133,No,21,4,1,5,3
1582,0,Travel_Rarely,3,2,2,9924,12355,No,11,3,4,3,3
1583,0,Travel_Rarely,3,2,2,4198,16379,No,12,3,2,5,4
1585,0,Travel_Rarely,3,2,3,6815,21447,No,13,3,1,5,3
1586,0,Travel_Rarely,3,1,1,4723,16213,Yes,18,3,4,3,3
1587,0,Travel_Rarely,3,2,3,6142,4223,Yes,16,3,3,4,3
1588,0,Travel_Rarely,4,3,3,8237,4658,No,11,3,1,3,3
1590,0,Travel_Frequently,3,2,4,8853,24483,No,19,3,4,0,4
1591,0,Travel_Rarely,3,5,3,19331,19519,Yes,16,3,3,2,3
1592,0,Travel_Rarely,4,1,3,2073,12826,No,16,3,4,2,3
1594,0,Travel_Frequently,4,2,1,5562,19711,Yes,13,3,4,3,3
1595,0,Travel_Rarely,2,5,4,19613,26362,No,22,4,4,2,3
1596,0,Travel_Rarely,4,2,3,3407,25348,No,17,3,4,3,2
1597,0,Travel_Frequently,2,2,3,5063,15332,No,14,3,2,3,2
1598,0,Travel_Rarely,3,2,1,4639,11262,No,15,3,3,2,3
1599,0,Travel_Rarely,4,1,2,4876,5855,No,12,3,3,0,3
1601,0,Travel_Rarely,2,1,4,2690,7713,No,18,3,4,5,2
1602,0,Travel_Rarely,4,4,1,17567,3156,No,15,3,2,5,1
1604,1,Travel_Rarely,3,1,2,2408,7324,Yes,17,3,3,3,3
1605,0,Non-Travel,2,1,3,2814,10293,Yes,14,3,2,2,2
1606,0,Travel_Frequently,3,4,3,11245,20689,Yes,15,3,3,3,3
1607,0,Travel_Rarely,4,1,4,3312,18783,No,17,3,4,3,3
1608,0,Travel_Rarely,3,5,4,19049,3549,Yes,14,3,4,4,2
1609,0,Travel_Rarely,2,1,2,2141,5348,No,12,3,2,3,2
1611,0,Travel_Rarely,1,2,1,5769,23447,Yes,14,3,1,3,3
1612,0,Non-Travel,2,2,1,4385,24162,No,15,3,1,2,3
1613,0,Travel_Frequently,3,2,1,5332,21602,No,13,3,4,3,3
1614,0,Travel_Rarely,3,2,3,4663,12421,Yes,12,3,2,2,3
1615,0,Travel_Frequently,4,2,4,4724,17000,No,13,3,1,3,3
1617,0,Travel_Rarely,3,1,1,3211,22102,No,14,3,4,3,2
1618,0,Travel_Rarely,3,2,1,5377,3835,No,13,3,4,3,3
1619,0,Travel_Rarely,2,1,1,4066,16290,No,11,3,1,3,3
1621,0,Travel_Rarely,4,2,1,5208,26312,No,11,3,4,2,3
1622,0,Travel_Rarely,1,2,1,4877,20460,No,21,4,2,5,2
1623,0,Travel_Rarely,3,1,4,3117,26009,No,18,3,3,2,3
1624,1,Travel_Frequently,3,1,4,1569,18420,Yes,12,3,3,2,4
1625,0,Travel_Rarely,3,5,3,19658,5220,No,11,3,3,2,3
1627,0,Travel_Rarely,2,2,3,3069,10302,No,15,3,4,3,3
1628,0,Travel_Rarely,2,3,3,10435,25800,No,13,3,4,2,3
1630,0,Non-Travel,3,2,3,4148,12250,No,12,3,4,5,3
1631,0,Travel_Rarely,3,2,3,5768,26493,No,17,3,1,2,2
1633,0,Travel_Frequently,3,2,3,5042,3140,No,13,3,4,2,1
1635,0,Travel_Rarely,2,2,4,5770,5388,No,19,3,1,3,3
1638,0,Travel_Rarely,2,3,3,7756,14199,Yes,19,3,4,6,4
1639,1,Travel_Rarely,2,3,1,10306,21530,No,17,3,3,3,3
1640,0,Travel_Rarely,3,1,2,3936,9953,No,11,3,1,2,1
1641,0,Travel_Rarely,3,3,4,7945,19948,Yes,15,3,4,2,2
1642,0,Travel_Frequently,3,2,4,5743,10503,Yes,11,3,3,3,3
1644,0,Travel_Frequently,2,4,4,15202,5602,No,25,4,2,3,3
1645,1,Travel_Rarely,1,2,4,5440,22098,Yes,14,3,4,2,2
1646,0,Travel_Frequently,3,1,4,3760,17218,Yes,13,3,3,2,3
1647,0,Travel_Rarely,4,1,3,3517,22490,No,17,3,1,0,3
1648,0,Travel_Frequently,3,1,4,2580,6297,No,13,3,3,0,2
1649,1,Travel_Rarely,3,1,1,2166,3339,Yes,14,3,2,3,1
1650,0,Travel_Rarely,2,2,3,5869,23413,No,11,3,3,2,3
1651,0,Travel_Rarely,3,3,1,8008,22792,No,12,3,3,6,3
1653,0,Travel_Frequently,4,2,3,5206,4973,No,17,3,3,6,3
1654,0,Travel_Rarely,3,2,2,5295,7693,No,21,4,3,3,3
1655,0,Travel_Rarely,3,4,2,16413,3498,No,16,3,2,2,3
1656,0,Travel_Rarely,2,3,1,13269,21981,No,15,3,3,3,3
1657,0,Travel_Rarely,3,1,3,2783,13251,No,19,3,1,3,3
1658,0,Travel_Rarely,3,2,2,5433,19332,No,12,3,3,2,3
1659,0,Travel_Rarely,3,1,2,2013,10950,No,11,3,3,4,3
1661,0,Travel_Rarely,2,4,3,13966,11652,Yes,19,3,2,3,3
1662,0,Non-Travel,2,2,3,4374,15411,No,15,3,3,6,3
1664,0,Travel_Rarely,4,2,1,6842,26308,No,20,4,1,3,3
1665,0,Travel_Rarely,3,4,3,17426,18685,No,25,4,3,6,3
1666,0,Travel_Rarely,2,4,3,17603,3525,No,24,4,1,3,3
1667,1,Travel_Frequently,3,2,4,4581,10414,Yes,24,4,1,2,4
1668,0,Travel_Frequently,3,2,4,4735,9867,No,15,3,4,4,4
1669,0,Travel_Rarely,2,2,2,4187,3356,Yes,13,3,2,3,2
1670,0,Travel_Rarely,3,2,4,5505,3921,No,14,3,3,5,3
1671,0,Travel_Rarely,3,2,2,5470,25518,No,13,3,3,4,2
1673,0,Travel_Rarely,3,2,4,5476,22589,No,11,3,1,2,3
1674,0,Travel_Rarely,3,1,1,2587,24941,Yes,16,3,2,2,2
1675,0,Travel_Frequently,2,1,2,2440,23826,No,22,4,2,3,3
1676,0,Travel_Rarely,4,4,2,15972,21086,No,14,3,3,2,3
1677,0,Travel_Rarely,3,4,3,15379,22384,No,14,3,1,2,3
1678,0,Travel_Rarely,3,3,3,7082,11591,Yes,16,3,4,2,3
1680,0,Travel_Rarely,3,1,1,2728,21082,No,11,3,1,3,3
1681,0,Non-Travel,3,2,4,5368,16130,Yes,25,4,3,2,3
1682,0,Travel_Rarely,3,2,3,5347,7419,No,14,3,2,2,2
1683,0,Travel_Rarely,3,1,4,3195,4167,Yes,18,3,1,2,3
1684,1,Travel_Rarely,2,1,3,3989,20586,Yes,11,3,1,2,3
1687,0,Travel_Rarely,3,1,3,3306,26176,No,19,3,4,5,2
1689,0,Travel_Rarely,4,3,4,7005,3458,No,15,3,3,2,3
1691,1,Travel_Frequently,3,1,3,2655,11740,Yes,11,3,3,3,3
1692,1,Travel_Rarely,3,1,2,1393,24852,No,12,3,1,2,3
1693,0,Non-Travel,3,1,4,2570,11925,No,20,4,3,5,3
1694,0,Travel_Rarely,2,1,2,3537,23737,No,12,3,4,1,3
1696,0,Travel_Rarely,2,2,4,3986,11912,No,14,3,3,3,4
1697,0,Travel_Rarely,1,3,4,10883,20467,No,20,4,3,2,4
1698,0,Travel_Rarely,4,1,2,2028,13637,No,18,3,4,6,3
1700,0,Travel_Frequently,1,2,4,9525,7677,No,14,3,3,2,2
1701,0,Travel_Rarely,2,1,4,2929,20338,No,12,3,2,3,3
1702,1,Travel_Rarely,3,1,4,2275,25103,Yes,21,4,2,2,3
1703,0,Travel_Rarely,4,3,4,7879,14810,Yes,19,3,2,2,3
1704,0,Travel_Frequently,2,1,4,4930,13970,Yes,14,3,3,2,4
1706,0,Travel_Rarely,3,2,4,7847,6069,Yes,17,3,1,3,3
1707,0,Travel_Rarely,4,1,3,4401,17616,No,16,3,4,1,3
1708,0,Travel_Rarely,3,3,3,9241,15869,No,12,3,2,3,3
1709,0,Travel_Rarely,3,1,3,2974,25412,No,17,3,3,2,3
1710,0,Travel_Rarely,3,2,4,4502,7439,No,15,3,3,2,2
1712,0,Non-Travel,2,3,3,10748,3395,No,23,4,4,3,2
1714,1,Travel_Rarely,1,1,3,1555,11585,No,11,3,3,2,3
1716,1,Travel_Frequently,1,4,3,12936,24164,No,11,3,3,3,1
1718,0,Travel_Rarely,1,1,3,2305,6217,No,15,3,3,3,4
1719,0,Travel_Rarely,2,4,2,16704,17119,No,11,3,3,2,3
1720,0,Travel_Frequently,3,1,3,3433,17360,No,13,3,1,3,2
1721,0,Travel_Rarely,3,1,3,3477,18103,No,14,3,4,2,4
1722,0,Non-Travel,1,2,2,6430,20794,No,19,3,2,4,3
1724,0,Travel_Rarely,3,2,1,6516,5041,Yes,16,3,2,3,3
1725,0,Travel_Rarely,3,1,1,3907,3622,No,13,3,2,2,4
1727,0,Travel_Rarely,3,2,2,5562,9697,No,14,3,4,3,3
1728,0,Travel_Rarely,3,2,3,6883,5151,No,16,3,2,3,3
1729,0,Travel_Rarely,3,1,4,2862,3811,No,12,3,2,2,2
1731,0,Non-Travel,3,2,2,4978,3536,No,11,3,4,3,1
1732,0,Travel_Rarely,3,3,4,10368,5596,Yes,12,3,2,5,2
1733,1,Travel_Rarely,2,2,1,6134,8658,Yes,13,3,2,3,3
1734,1,Travel_Rarely,1,2,2,6735,12147,No,15,3,2,2,3
1735,0,Travel_Rarely,3,1,2,3295,12862,No,13,3,3,3,1
1736,0,Travel_Frequently,3,2,4,5238,6670,No,20,4,4,3,2
1737,0,Non-Travel,3,2,4,6472,8989,Yes,15,3,4,2,3
1739,0,Travel_Rarely,1,3,3,9610,3840,No,13,3,3,2,1
1740,0,Travel_Rarely,3,5,2,19833,4349,No,14,3,2,3,2
1744,0,Travel_Rarely,1,3,3,9756,6595,No,21,4,3,2,4
1745,0,Travel_Frequently,2,1,1,4968,26427,No,16,3,4,2,3
1746,0,Travel_Frequently,3,1,4,2145,2097,No,14,3,4,2,3
1747,1,Travel_Frequently,2,1,4,2180,9732,No,11,3,3,0,2
1749,0,Travel_Rarely,3,2,3,8346,20943,No,19,3,3,3,3
1751,0,Travel_Rarely,3,1,4,3445,6152,No,11,3,3,5,2
1752,1,Travel_Rarely,1,1,2,2760,14630,No,13,3,3,3,3
1753,0,Travel_Frequently,4,2,3,6294,23060,Yes,12,3,4,5,4
1754,0,Travel_Rarely,2,3,1,7140,3088,No,11,3,1,2,3
1755,0,Travel_Rarely,4,1,4,2932,5586,Yes,14,3,1,3,3
1756,0,Non-Travel,3,2,2,5147,10697,No,15,3,4,2,2
1757,0,Travel_Rarely,3,2,4,4507,8191,No,12,3,3,1,4
1758,1,Travel_Rarely,3,3,1,8564,10092,Yes,20,4,3,2,2
1760,0,Travel_Frequently,2,1,2,2468,15963,No,14,3,2,4,2
1761,1,Travel_Rarely,3,3,3,8161,19002,No,13,3,1,2,3
1762,0,Travel_Rarely,2,1,1,2109,10007,No,13,3,3,2,3
1763,0,Travel_Rarely,4,2,3,5294,9128,No,16,3,3,3,3
1764,0,Non-Travel,3,1,2,2718,17674,No,14,3,2,3,3
1766,0,Travel_Rarely,1,2,4,5811,24539,Yes,16,3,3,2,3
1767,1,Travel_Frequently,2,1,3,2437,15587,Yes,16,3,4,4,3
1768,0,Travel_Rarely,3,1,2,2766,8952,No,22,4,2,6,2
1770,0,Travel_Rarely,2,5,1,19038,19805,No,12,3,2,2,3
1771,0,Non-Travel,3,2,2,3055,6194,No,15,3,4,2,2
1772,0,Travel_Rarely,3,1,1,2289,20520,No,20,4,2,2,3
1774,0,Non-Travel,3,2,3,4001,12313,Yes,14,3,3,3,3
1775,0,Non-Travel,2,4,3,12965,22308,Yes,20,4,4,2,2
1778,0,Travel_Rarely,3,1,4,3539,5033,No,13,3,2,5,3
1779,0,Travel_Rarely,1,2,4,6029,25353,No,12,3,1,3,3
1780,1,Travel_Rarely,3,1,2,2679,4567,No,13,3,2,3,3
1782,0,Travel_Rarely,2,1,3,3702,16376,No,11,3,2,3,3
1783,1,Travel_Rarely,3,1,1,2398,15999,Yes,17,3,3,6,3
1784,0,Travel_Rarely,2,2,4,5468,13402,No,14,3,1,3,3
1786,0,Travel_Rarely,3,3,3,13116,22984,No,11,3,4,2,3
1787,0,Travel_Rarely,2,2,2,4189,8800,No,14,3,1,2,3
1789,0,Travel_Rarely,3,5,4,19328,14218,Yes,17,3,3,3,3
1790,0,Travel_Rarely,3,3,1,8321,25949,Yes,13,3,4,1,3
1792,1,Travel_Frequently,3,1,2,2342,11092,Yes,12,3,3,2,2
1794,0,Travel_Rarely,3,2,2,4071,12832,No,13,3,3,4,2
1797,1,Travel_Rarely,3,2,4,5813,13492,Yes,18,3,4,2,3
1798,0,Travel_Rarely,4,1,1,3143,6076,No,19,3,2,1,3
1799,0,Travel_Rarely,3,1,4,2044,5531,No,11,3,3,6,4
1800,0,Travel_Rarely,3,3,3,13464,7914,No,21,4,3,3,3
1801,0,Non-Travel,2,2,2,7991,25166,No,15,3,3,3,3
1802,0,Travel_Rarely,3,1,1,3377,25605,No,17,3,4,5,2
1803,0,Travel_Rarely,4,2,1,5538,5696,No,18,3,3,2,2
1804,0,Non-Travel,3,2,4,5762,24442,No,14,3,3,6,3
1805,0,Non-Travel,3,1,2,2592,7129,No,13,3,4,3,3
1807,1,Travel_Frequently,3,2,1,5346,6208,No,17,3,3,3,2
1809,1,Travel_Rarely,3,2,1,4213,4992,No,15,3,2,4,1
1812,0,Travel_Frequently,3,2,4,4127,19188,No,18,3,4,6,3
1813,0,Non-Travel,3,1,3,2438,24978,No,13,3,3,2,2
1814,0,Travel_Rarely,4,2,2,6870,15530,No,12,3,1,3,1
1815,0,Travel_Rarely,3,3,3,10447,26458,Yes,13,3,4,3,4
1816,0,Travel_Rarely,3,3,3,9667,2739,No,14,3,2,3,3
1818,1,Travel_Rarely,3,1,2,2148,6889,Yes,11,3,3,3,3
1821,1,Travel_Rarely,3,2,2,8926,10842,No,22,4,4,2,4
1822,0,Travel_Rarely,3,2,4,6513,9060,No,17,3,4,3,3
1823,0,Travel_Rarely,4,2,3,6799,22128,No,21,4,3,5,3
1824,0,Non-Travel,3,4,2,16291,22577,No,22,4,4,0,2
1826,0,Travel_Rarely,1,1,3,2705,9696,No,16,3,2,2,4
1827,0,Travel_Rarely,2,3,2,10333,19271,Yes,12,3,3,4,3
1829,0,Travel_Rarely,3,2,1,4448,10748,No,12,3,2,3,3
1830,0,Travel_Rarely,3,2,4,6854,15696,No,15,3,2,2,2
1833,0,Travel_Frequently,3,3,1,9637,8277,No,14,3,4,3,3
1834,0,Travel_Rarely,3,1,1,3591,12719,No,25,4,3,3,3
1835,0,Travel_Rarely,1,2,4,5405,4244,Yes,20,4,1,4,2
1836,0,Travel_Rarely,3,2,4,4684,9125,No,13,3,1,4,3
1837,0,Travel_Frequently,3,4,3,15787,21624,Yes,14,3,2,3,3
1839,0,Non-Travel,3,1,3,1514,8018,No,16,3,3,4,1
1842,1,Travel_Rarely,4,1,1,2956,21495,No,17,3,3,4,3
1844,1,Travel_Rarely,2,1,1,2335,3157,Yes,15,3,4,3,3
1845,0,Non-Travel,3,2,3,5154,19665,No,22,4,2,3,4
1847,0,Travel_Rarely,3,2,2,6962,19573,Yes,22,4,4,2,3
1849,0,Travel_Frequently,3,2,4,5675,19246,No,20,4,3,5,3
1850,0,Travel_Frequently,3,1,4,2379,19826,Yes,14,3,3,3,2
1852,0,Travel_Frequently,3,1,4,3812,7003,No,13,3,2,3,4
1853,0,Travel_Frequently,3,2,4,4648,26075,No,13,3,3,2,4
1854,0,Non-Travel,3,1,3,2936,6161,No,22,4,2,1,2
1856,0,Travel_Rarely,3,1,3,2105,5411,No,12,3,3,2,3
1857,0,Travel_Rarely,3,3,4,8578,19989,No,14,3,3,4,2
1858,0,Non-Travel,3,1,4,2706,10494,No,15,3,2,2,3
1859,0,Travel_Rarely,1,2,3,6384,21143,No,17,3,4,3,3
1860,0,Travel_Rarely,3,1,3,3968,13624,No,13,3,4,3,3
1862,1,Travel_Rarely,2,2,2,9907,26186,Yes,12,3,3,3,2
1863,0,Travel_Rarely,4,4,1,13225,7739,No,12,3,4,5,3
1864,0,Travel_Rarely,2,2,3,3540,7018,No,21,4,4,5,3
1865,0,Travel_Rarely,2,1,2,2804,15434,No,11,3,4,3,3
1866,0,Travel_Rarely,2,5,3,19392,22539,No,13,3,4,2,3
1867,0,Travel_Rarely,2,5,2,19665,13583,No,12,3,4,3,3
1868,1,Travel_Frequently,2,1,4,2439,14753,Yes,24,4,2,3,2
1869,1,Travel_Rarely,3,3,2,7314,14011,No,21,4,3,2,3
1870,0,Travel_Frequently,2,1,1,4774,23844,No,19,3,4,2,2
1871,0,Travel_Rarely,3,2,4,3902,5141,No,14,3,2,2,3
1873,0,Travel_Rarely,2,1,4,2662,7975,No,20,4,2,2,4
1875,0,Travel_Rarely,3,1,2,2856,3692,No,19,3,4,3,3
1876,1,Travel_Rarely,3,1,4,1081,16019,No,13,3,3,3,2
1878,1,Travel_Rarely,3,1,2,2472,26092,Yes,23,4,1,2,3
1880,0,Travel_Rarely,2,2,3,5673,6060,Yes,13,3,1,4,3
1881,0,Travel_Rarely,3,2,3,4197,18624,No,11,3,1,2,3
1882,0,Travel_Rarely,3,3,4,9713,24444,Yes,13,3,4,3,3
1883,0,Travel_Rarely,3,1,1,2062,19384,No,14,3,2,2,3
1885,0,Travel_Rarely,3,2,1,4284,13588,Yes,22,4,3,2,3
1886,0,Travel_Rarely,2,2,2,4788,25388,Yes,11,3,4,2,3
1888,0,Travel_Rarely,2,2,4,5906,23888,No,13,3,4,2,2
1890,0,Travel_Frequently,2,2,4,3886,4223,No,21,4,4,2,2
1892,0,Travel_Rarely,3,4,1,16823,18991,No,11,3,1,3,3
1893,0,Travel_Rarely,2,1,3,2933,14908,Yes,13,3,3,3,2
1898,0,Travel_Rarely,4,2,3,6500,26997,No,14,3,2,5,2
1900,0,Travel_Frequently,3,4,4,17174,2437,No,11,3,2,3,3
1903,0,Travel_Rarely,4,2,1,5033,9364,No,15,3,4,5,3
1905,1,Non-Travel,1,1,1,2307,14460,Yes,23,4,2,2,3
1907,1,Travel_Rarely,3,1,4,2587,10261,No,16,3,4,3,3
1908,0,Travel_Rarely,2,2,2,5507,16822,No,16,3,3,1,1
1909,0,Travel_Rarely,3,2,2,4393,26841,No,21,4,3,3,3
1911,0,Travel_Rarely,3,3,1,13348,14842,No,13,3,2,3,4
1912,0,Travel_Rarely,3,2,4,6583,20115,Yes,11,3,4,2,3
1915,0,Travel_Rarely,2,2,4,8103,16495,Yes,12,3,3,3,2
1916,0,Travel_Rarely,4,1,3,3978,16031,No,12,3,2,0,2
1918,0,Travel_Frequently,4,1,4,2544,7102,No,18,3,1,3,3
1922,0,Travel_Frequently,3,2,3,5399,14511,No,12,3,3,3,3
1924,0,Travel_Rarely,3,2,3,5487,10410,No,14,3,2,2,2
1927,0,Travel_Frequently,2,2,4,6834,19255,Yes,12,3,3,2,3
1928,1,Travel_Frequently,4,1,1,1091,10642,No,17,3,4,3,3
1929,0,Non-Travel,1,2,3,5736,3987,No,19,3,3,1,3
1931,0,Travel_Rarely,3,1,2,2226,6073,No,11,3,3,3,2
1932,0,Travel_Frequently,2,2,4,5747,26496,Yes,15,3,2,3,3
1933,1,Travel_Rarely,3,2,3,9854,23352,Yes,11,3,4,0,3
1934,0,Non-Travel,3,2,2,5467,2125,No,18,3,3,4,4
1935,0,Travel_Rarely,2,2,1,5380,20328,No,16,3,3,3,3
1936,0,Travel_Rarely,3,2,1,5151,12315,No,25,4,4,3,3
1937,0,Travel_Frequently,2,2,2,2133,18115,Yes,16,3,3,3,3
1938,0,Travel_Rarely,3,4,4,17875,11761,Yes,13,3,3,2,2
1939,1,Travel_Frequently,4,1,3,2432,15318,Yes,14,3,1,2,3
1940,0,Travel_Rarely,3,1,4,4771,14293,No,19,3,4,0,4
1941,0,Travel_Frequently,3,5,4,19161,13738,No,15,3,4,3,3
1943,0,Travel_Rarely,3,2,4,5087,2900,Yes,12,3,3,4,3
1944,1,Travel_Frequently,2,1,2,2863,19555,No,12,3,1,2,3
1945,0,Travel_Rarely,3,2,1,5561,15975,No,16,3,4,2,1
1947,0,Non-Travel,3,1,3,2144,2122,No,14,3,3,3,2
1948,0,Non-Travel,3,1,1,3065,3995,Yes,13,3,4,3,4
1949,0,Non-Travel,4,1,2,2810,9238,No,22,4,2,3,3
1950,0,Travel_Rarely,3,3,4,9888,6770,No,21,4,1,3,2
1951,0,Travel_Rarely,3,3,3,8628,22914,No,18,3,3,2,2
1952,0,Travel_Rarely,3,1,1,2867,20006,No,13,3,4,6,2
1954,0,Travel_Rarely,3,2,1,5373,6225,No,12,3,1,5,2
1955,0,Non-Travel,3,2,4,6667,16542,No,18,3,2,6,3
1956,0,Travel_Frequently,1,2,1,5003,5771,No,21,4,2,6,3
1960,1,Travel_Rarely,2,1,4,2367,18779,No,12,3,1,2,2
1961,0,Travel_Rarely,2,1,1,2858,11473,No,14,3,1,3,2
1962,0,Travel_Rarely,3,2,4,5204,13586,Yes,11,3,4,2,3
1965,0,Travel_Rarely,3,2,4,4105,5099,No,14,3,1,5,3
1966,0,Travel_Rarely,2,2,4,9679,10138,No,24,4,2,1,3
1967,1,Travel_Frequently,3,2,4,5617,21075,Yes,11,3,3,4,3
1968,1,Travel_Rarely,3,3,1,10448,5843,Yes,13,3,2,2,2
1969,0,Travel_Rarely,3,2,3,2897,22474,No,11,3,3,6,2
1970,0,Travel_Frequently,3,2,3,5968,18079,No,20,4,3,2,3
1971,0,Travel_Rarely,3,3,3,7510,16873,No,17,3,2,1,3
1972,0,Travel_Frequently,3,1,2,2991,5224,Yes,11,3,2,2,3
1973,0,Travel_Rarely,4,5,2,19636,25811,Yes,18,3,1,0,3
1974,0,Travel_Rarely,1,1,4,1129,17536,Yes,11,3,3,4,3
1975,0,Travel_Rarely,3,4,1,13341,25098,No,12,3,1,3,3
1976,0,Non-Travel,2,2,3,4332,14811,No,12,3,4,2,3
1979,0,Non-Travel,3,3,3,11031,26862,No,20,4,3,2,4
1980,0,Travel_Rarely,3,2,1,4440,25198,Yes,19,3,4,3,3
1981,0,Travel_Rarely,2,2,3,4617,14120,No,12,3,2,2,2
1982,0,Travel_Rarely,3,1,4,2647,13672,No,13,3,3,6,4
1985,0,Travel_Frequently,3,2,3,6323,26849,No,11,3,1,2,4
1986,0,Travel_Rarely,3,2,2,5677,4258,No,14,3,3,4,3
1987,0,Travel_Rarely,3,1,2,2187,19655,No,14,3,3,3,3
1989,0,Travel_Rarely,3,1,2,3748,4077,No,13,3,3,6,2
1992,0,Travel_Rarely,3,1,3,3977,7298,Yes,19,3,3,2,2
1993,0,Travel_Rarely,3,3,3,8633,13084,No,23,4,2,3,3
1994,0,Non-Travel,2,1,3,2008,20439,No,12,3,3,2,2
1995,0,Travel_Rarely,3,2,2,4440,7636,No,15,3,1,3,3
1996,0,Travel_Rarely,3,1,3,3067,6393,No,19,3,3,1,3
1997,0,Travel_Frequently,2,2,3,5321,14284,No,11,3,4,1,3
1998,0,Travel_Rarely,3,2,1,5410,11189,Yes,17,3,3,3,2
1999,0,Travel_Rarely,3,1,4,2782,21412,No,22,4,1,3,3
2000,0,Non-Travel,3,3,2,11957,17231,No,18,3,1,3,1
2003,0,Travel_Rarely,3,1,3,2660,20232,Yes,11,3,3,3,3
2007,0,Travel_Rarely,3,1,3,3375,17624,No,12,3,4,2,4
2008,0,Travel_Rarely,3,2,3,5098,18698,No,19,3,2,5,3
2009,0,Travel_Rarely,3,2,4,4878,21653,Yes,13,3,1,6,3
2010,0,Travel_Rarely,2,1,2,2837,15919,No,13,3,3,3,3
2012,0,Travel_Rarely,3,1,4,2406,4060,No,19,3,3,3,2
2013,0,Travel_Rarely,2,1,2,2269,18024,No,14,3,2,2,3
2014,0,Travel_Rarely,3,2,4,4108,5340,No,13,3,1,2,3
2015,0,Travel_Rarely,1,3,3,13206,3376,No,12,3,1,3,3
2016,0,Travel_Rarely,3,3,4,10422,24032,No,19,3,3,3,3
2017,0,Travel_Rarely,4,3,4,13744,15471,Yes,25,4,1,2,3
2018,0,Travel_Rarely,3,2,3,4907,13684,Yes,22,4,2,3,2
2019,0,Non-Travel,3,1,4,3482,19788,No,15,3,2,3,2
2020,0,Travel_Rarely,3,1,4,2436,13422,Yes,12,3,3,2,3
2021,0,Travel_Rarely,3,1,1,2380,25479,Yes,11,3,4,6,3
2022,0,Non-Travel,3,5,4,19431,15302,No,13,3,3,3,2
2023,1,Travel_Frequently,3,1,1,1790,26956,No,19,3,1,3,2
2024,0,Travel_Rarely,2,3,4,7644,12695,No,19,3,3,2,3
2025,0,Travel_Frequently,3,2,2,5131,9192,No,13,3,2,3,3
2026,0,Non-Travel,3,2,3,6306,26236,No,21,4,1,2,2
2027,1,Travel_Rarely,3,1,4,4787,26124,Yes,14,3,2,3,4
2031,0,Travel_Rarely,3,5,3,18880,17312,No,11,3,1,2,2
2032,1,Travel_Rarely,3,1,3,2339,3666,No,11,3,4,4,1
2034,0,Travel_Rarely,2,4,2,13570,5640,No,23,4,3,3,3
2035,0,Travel_Rarely,2,2,3,6712,8978,No,21,4,4,2,3
2036,0,Non-Travel,1,2,4,5406,10436,No,24,4,1,4,2
2037,0,Travel_Rarely,2,2,2,8938,12227,No,11,3,3,5,3
2038,0,Travel_Rarely,3,1,1,2439,11288,No,14,3,4,4,3
2040,0,Travel_Rarely,3,3,4,8837,16642,Yes,16,3,3,2,3
2041,0,Travel_Rarely,3,2,4,5343,5982,No,11,3,3,1,3
2044,1,Travel_Frequently,3,2,3,6728,14255,No,12,3,4,3,3
2045,0,Travel_Rarely,2,2,4,6652,14369,No,13,3,1,2,2
2046,0,Travel_Rarely,3,2,3,4850,23333,No,15,3,3,3,3
2048,0,Travel_Rarely,2,1,3,2809,2725,No,14,3,4,2,3
2049,0,Travel_Frequently,3,2,3,5689,24594,Yes,14,3,4,2,4
2051,0,Travel_Rarely,3,1,3,2001,12549,No,14,3,2,2,3
2052,0,Travel_Rarely,1,1,4,2977,8952,No,12,3,4,5,3
2053,0,Travel_Rarely,2,2,2,4025,23679,Yes,13,3,1,2,3
2054,0,Travel_Rarely,2,1,1,3785,8489,No,14,3,2,3,1
2055,1,Travel_Rarely,2,3,1,10854,16586,Yes,13,3,2,3,3
2056,0,Travel_Rarely,2,4,4,12031,8828,No,11,3,1,2,2
2057,0,Non-Travel,3,2,1,9936,3787,No,19,3,2,2,3
2060,0,Travel_Rarely,2,1,3,2966,21378,No,18,3,4,2,3
2061,0,Travel_Frequently,4,2,4,2571,12290,No,17,3,3,3,3
2062,0,Travel_Rarely,2,3,1,9991,21457,No,15,3,1,5,3
2064,0,Travel_Rarely,4,2,2,6142,5174,Yes,20,4,2,0,3
2065,0,Travel_Frequently,2,2,2,5390,13243,No,14,3,4,3,2
2068,0,Travel_Rarely,4,2,3,4404,10228,No,12,3,1,3,4
